[
  {
    "file": "萬-hehehe.mp3",
    "title": "hehehe",
    "tags": [
      "阿萬",
      "豹子頭",
      "笑"
    ],
    "id": "DuDCRw"
  },
  {
    "file": "萬-又我了.mp3",
    "title": "又我了（玻璃碎裂）",
    "tags": [
      "阿萬"
    ],
    "id": "ydiXmA"
  },
  {
    "file": "萬-又我了2.mp3",
    "title": "又我了2",
    "tags": [
      "阿萬"
    ],
    "id": "LK3e5A"
  },
  {
    "file": "萬-煞車式尖叫.mp3",
    "title": "煞車式尖叫",
    "tags": [
      "阿萬",
      "叫"
    ],
    "id": "Hg9Ikw"
  },
  {
    "file": "萬-FIREBALL.mp3",
    "title": "FIREBALL🌠",
    "tags": [
      "阿萬"
    ],
    "id": "-Pv46A"
  },
  {
    "file": "萬-可敬的屁股.mp3",
    "title": "可敬的🍑",
    "tags": [
      "阿萬"
    ],
    "id": "0r-7eA"
  },
  {
    "file": "萬-馬爾濟斯之歌.mp3",
    "title": "馬爾濟斯之歌",
    "tags": [
      "阿萬",
      "唱"
    ],
    "id": "ZV8wEQ"
  },
  {
    "file": "萬-咪咪咪咪咪咪.mp3",
    "title": "咪咪咪咪咪",
    "tags": [
      "阿萬",
      "怪聲"
    ],
    "id": "5evukA"
  },
  {
    "file": "萬-移除.mp3",
    "title": "移除",
    "tags": [
      "阿萬",
      "破防"
    ],
    "id": "44B8dQ"
  },
  {
    "file": "萬-移除2.mp3",
    "title": "移除2",
    "tags": [
      "阿萬",
      "破防"
    ],
    "id": "i3i78w"
  },
  {
    "file": "萬-Let me do it for you.mp3",
    "title": "Let me do it 4 you",
    "tags": [
      "阿萬"
    ],
    "id": "7Yf4KQ"
  },
  {
    "file": "萬-ㄇㄉd能2.mp3",
    "title": "ㄇㄉD能2",
    "tags": [
      "阿萬",
      "罵"
    ],
    "id": "F5X-EA"
  },
  {
    "file": "萬-不好玩.mp3",
    "title": "不好玩(委屈)",
    "tags": [
      "阿萬",
      "破防"
    ],
    "id": "nfaW8g"
  },
  {
    "file": "萬-什麼意思.mp3",
    "title": "什麼意思",
    "tags": [
      "阿萬"
    ],
    "id": "elHmoA"
  },
  {
    "file": "萬-兄弟我躺好了.mp3",
    "title": "兄弟我躺好了",
    "tags": [
      "阿萬"
    ],
    "id": "4V8CHA"
  },
  {
    "file": "萬-因為你可愛啊.mp3",
    "title": "因為你可愛啊",
    "tags": [
      "阿萬"
    ],
    "id": "8XL6ZA"
  },
  {
    "file": "萬-多拉A夢尖叫.mp3",
    "title": "多拉A夢尖叫",
    "tags": [
      "阿萬",
      "叫"
    ],
    "id": "L3nGMQ"
  },
  {
    "file": "萬-尖叫.mp3",
    "title": "尖叫",
    "tags": [
      "阿萬",
      "叫"
    ],
    "id": "JpdU0g"
  },
  {
    "file": "萬-喔！自動門！(米奇).mp3",
    "title": "喔！自動門！(米奇)",
    "tags": [
      "阿萬"
    ],
    "id": "EmnSyQ"
  },
  {
    "file": "萬-我不允許.mp3",
    "title": "我不允許",
    "tags": [
      "阿萬"
    ],
    "id": "TiPGYw"
  },
  {
    "file": "萬-西西.mp3",
    "title": "西西",
    "tags": [
      "阿萬"
    ],
    "id": "fIgILA"
  },
  {
    "file": "萬-我、我噗滋到.mp3",
    "title": "窩噗滋到(我不知道)",
    "tags": [
      "阿萬"
    ],
    "id": "QUvIwA"
  },
  {
    "file": "萬-奇怪笑聲.mp3",
    "title": "奇怪笑聲",
    "tags": [
      "阿萬",
      "笑"
    ],
    "id": "ABuaLA"
  },
  {
    "file": "萬-妳好美妳好漂亮(死腔).mp3",
    "title": "妳好美妳好漂亮(死腔)",
    "tags": [
      "阿萬",
      "誇獎",
      "怪聲"
    ],
    "id": "yVwX1w"
  },
  {
    "file": "萬-阿嬤妳怎麼沒感覺了.mp3",
    "title": "阿嬤妳怎麼沒感覺了",
    "tags": [
      "阿萬",
      "迷因"
    ],
    "id": "fjAgBg"
  },
  {
    "file": "萬-阿邁沒有蛋蛋.mp3",
    "title": "阿邁沒有蛋蛋",
    "tags": [
      "阿萬"
    ],
    "id": "o9OmwA"
  },
  {
    "file": "萬-起床重睡.mp3",
    "title": "起床重睡",
    "tags": [
      "阿萬"
    ],
    "id": "Y5uI7Q"
  },
  {
    "file": "萬-崩潰尖叫.mp3",
    "title": "崩潰尖叫",
    "tags": [
      "阿萬",
      "叫"
    ],
    "id": "Ya61ng"
  },
  {
    "file": "萬-崩潰哭.mp3",
    "title": "崩潰哭",
    "tags": [
      "阿萬"
    ],
    "id": "_dAUVg"
  },
  {
    "file": "萬-喘.mp3",
    "title": "喘",
    "tags": [
      "阿萬",
      "SUS"
    ],
    "id": "3SEg8A"
  },
  {
    "file": "萬-喘2.mp3",
    "title": "喘2",
    "tags": [
      "阿萬",
      "SUS"
    ],
    "id": "RqMR7g"
  },
  {
    "file": "萬-喘3.mp3",
    "title": "喘3",
    "tags": [
      "阿萬",
      "SUS"
    ],
    "id": "sn6ugA"
  },
  {
    "file": "萬-我可以去尿尿嗎.mp3",
    "title": "我可以去尿尿嗎",
    "tags": [
      "阿萬"
    ],
    "id": "i5UTPw"
  },
  {
    "file": "萬-最智障的人.mp3",
    "title": "最智障的人",
    "tags": [
      "阿萬",
      "罵"
    ],
    "id": "b1p-qQ"
  },
  {
    "file": "萬-智障.mp3",
    "title": "智障",
    "tags": [
      "阿萬",
      "罵"
    ],
    "id": "UkQMmw"
  },
  {
    "file": "萬-裝什麼可愛.mp3",
    "title": "裝什麼可愛",
    "tags": [
      "阿萬"
    ],
    "id": "PJV0CA"
  },
  {
    "file": "萬-過來我躺好了.mp3",
    "title": "過來我躺好了",
    "tags": [
      "阿萬"
    ],
    "id": "f4YPYA"
  },
  {
    "file": "萬-憨笑.mp3",
    "title": "憨笑",
    "tags": [
      "阿萬",
      "笑"
    ],
    "id": "661UoQ"
  },
  {
    "file": "萬-憨笑2.mp3",
    "title": "憨笑2",
    "tags": [
      "阿萬",
      "笑"
    ],
    "id": "MbxBbA"
  },
  {
    "file": "萬-擺好姿勢阿這樣我怎麼進去.mp3",
    "title": "擺好姿勢阿這樣我怎麼進去",
    "tags": [
      "阿萬",
      "SUS"
    ],
    "id": "piYElg"
  },
  {
    "file": "萬-戰術性咳嗽.mp3",
    "title": "戰術性咳嗽",
    "tags": [
      "阿萬"
    ],
    "id": "dSBmLw"
  },
  {
    "file": "萬-豹-尖叫.mp3",
    "title": "萬豹尖叫",
    "tags": [
      "阿萬",
      "豹子頭",
      "叫"
    ],
    "id": "bV8Zrw"
  },
  {
    "file": "萬-豹-露比醬.mp3",
    "title": "露比醬",
    "tags": [
      "阿萬",
      "豹子頭"
    ],
    "id": "5hPsNA"
  },
  {
    "file": "萬-小熊貓叫聲.mp3",
    "title": "小熊貓叫聲",
    "tags": [
      "阿萬",
      "怪聲"
    ],
    "id": "GqKcdQ"
  },
  {
    "file": "萬-你自己加油.mp3",
    "title": "你自己加油",
    "tags": [
      "阿萬"
    ],
    "id": "gj1R3Q"
  },
  {
    "file": "萬-殺粉肝時的奸笑.mp3",
    "title": "殺粉肝時的奸笑",
    "tags": [
      "阿萬",
      "笑"
    ],
    "id": "7QWRRw"
  },
  {
    "file": "萬-陷害粉肝的快樂笑聲.mp3",
    "title": "陷害粉肝的快樂笑聲",
    "tags": [
      "阿萬",
      "笑"
    ],
    "id": "9onbNA"
  },
  {
    "file": "萬-鼠ki雅女神我suki你.mp3",
    "title": "鼠ki雅女神我suki你",
    "tags": [
      "阿萬"
    ],
    "id": "6TdyqA"
  },
  {
    "file": "萬-噴嚏.mp3",
    "title": "噴嚏",
    "tags": [
      "阿萬"
    ],
    "id": "2tiGuw"
  },
  {
    "file": "萬-霸脫.mp3",
    "title": "霸脫(拜託)",
    "tags": [
      "阿萬"
    ],
    "id": "T75t9Q"
  },
  {
    "file": "萬-Fuck1.mp3",
    "title": "Fuck1",
    "tags": [
      "阿萬",
      "罵",
      "髒話"
    ],
    "id": "wAJE6w"
  },
  {
    "file": "萬-Fuck2.mp3",
    "title": "Fuck2",
    "tags": [
      "阿萬",
      "罵",
      "髒話"
    ],
    "id": "MDnWJA"
  },
  {
    "file": "萬-Let's go! Let's do this.mp3",
    "title": "Let's go! Let's do this",
    "tags": [
      "阿萬"
    ],
    "id": "UTbcYg"
  },
  {
    "file": "萬-大家新年快樂.mp3",
    "title": "大家新年快樂",
    "tags": [
      "阿萬",
      "定型文"
    ],
    "id": "NSPgQQ"
  },
  {
    "file": "萬-女人妳在玩火.mp3",
    "title": "女人妳在玩火",
    "tags": [
      "阿萬",
      "迷因"
    ],
    "id": "F_80wA"
  },
  {
    "file": "萬-你的存在就值得被誇誇.mp3",
    "title": "你的存在就值得被誇誇",
    "tags": [
      "阿萬",
      "誇獎"
    ],
    "id": "urmVCQ"
  },
  {
    "file": "萬-你們這麼想要死阿.mp3",
    "title": "你們這麼想要死阿",
    "tags": [
      "阿萬",
      "罵"
    ],
    "id": "KZv6fQ"
  },
  {
    "file": "萬-你讓我的心充滿了溫暖.mp3",
    "title": "你讓我的心充滿了溫暖",
    "tags": [
      "阿萬",
      "誇獎"
    ],
    "id": "qVcTXg"
  },
  {
    "file": "萬-我是晚安你是早安.mp3",
    "title": "我是晚安你是早安",
    "tags": [
      "阿萬"
    ],
    "id": "aXvTGA"
  },
  {
    "file": "萬-抽搐笑.mp3",
    "title": "抽搐笑",
    "tags": [
      "阿萬",
      "笑"
    ],
    "id": "EnYSIQ"
  },
  {
    "file": "萬-明天為什麼是禮拜一QQ.mp3",
    "title": "明天為什麼是禮拜一QQ",
    "tags": [
      "阿萬"
    ],
    "id": "ySfPsA"
  },
  {
    "file": "萬-非常好粉肝.mp3",
    "title": "非常好粉肝",
    "tags": [
      "阿萬"
    ],
    "id": "BnhCHA"
  },
  {
    "file": "萬-哇哈哈(尖叫).mp3",
    "title": "哇哈哈(尖叫)",
    "tags": [
      "阿萬",
      "叫"
    ],
    "id": "A2ueTA"
  },
  {
    "file": "萬-破防尖叫.mp3",
    "title": "破防尖叫",
    "tags": [
      "阿萬",
      "叫"
    ],
    "id": "0jkg-w"
  },
  {
    "file": "萬-呵呵笑.mp3",
    "title": "呵呵笑",
    "tags": [
      "阿萬",
      "笑"
    ],
    "id": "_6W92A"
  },
  {
    "file": "萬-專心上班認真上課喝酒bad.mp3",
    "title": "專心上班認真上課喝酒bad",
    "tags": [
      "阿萬"
    ],
    "id": "A7sNrw"
  },
  {
    "file": "萬-晚安大小姐台詞.mp3",
    "title": "呀咧呀咧大小姐",
    "tags": [
      "阿萬",
      "迷因"
    ],
    "id": "WCfgZA"
  },
  {
    "file": "萬-爽朗大笑.mp3",
    "title": "爽朗大笑",
    "tags": [
      "阿萬",
      "笑"
    ],
    "id": "eKLBSg"
  },
  {
    "file": "萬-這這樣講話是可以的嗎.mp3",
    "title": "這樣這講話是可以的嗎",
    "tags": [
      "阿萬"
    ],
    "id": "yZYTkQ"
  },
  {
    "file": "萬-這就是為甚麼這麼-好吃.mp3",
    "title": "這就是為甚麼這麼-好吃",
    "tags": [
      "阿萬"
    ],
    "id": "Tg2zWw"
  },
  {
    "file": "萬-麥塊麥塊.mp3",
    "title": "麥塊麥塊",
    "tags": [
      "阿萬"
    ],
    "id": "hfeXPg"
  },
  {
    "file": "萬-發出變態的聲音.mp3",
    "title": "發出變態的聲音",
    "tags": [
      "阿萬",
      "笑"
    ],
    "id": "v3X0_w"
  },
  {
    "file": "萬-溫柔笑.mp3",
    "title": "溫柔笑",
    "tags": [
      "阿萬",
      "笑"
    ],
    "id": "oC4WiA"
  },
  {
    "file": "萬-萬女僕施魔法.mp3",
    "title": "萬女僕施魔法",
    "tags": [
      "阿萬",
      "迷因"
    ],
    "id": "mloYqw"
  },
  {
    "file": "萬-遜.mp3",
    "title": "遜",
    "tags": [
      "阿萬",
      "罵"
    ],
    "id": "Y6DU-w"
  },
  {
    "file": "萬-請對麥克風超級大叫.mp3",
    "title": "請對麥克風超級大叫",
    "tags": [
      "阿萬",
      "叫"
    ],
    "id": "bDaQAw"
  },
  {
    "file": "萬-學烏薩奇蛤.mp3",
    "title": "蛤(烏薩奇)",
    "tags": [
      "阿萬",
      "怪聲",
      "迷因"
    ],
    "id": "2k_NhA"
  },
  {
    "file": "萬-醒來了阿萬工作了.mp3",
    "title": "醒來了阿萬工作了",
    "tags": [
      "阿萬"
    ],
    "id": "nYSYPg"
  },
  {
    "file": "萬-還有怨言阿給我滾.mp3",
    "title": "還有怨言阿給我滾",
    "tags": [
      "阿萬",
      "罵"
    ],
    "id": "S5O1Wg"
  },
  {
    "file": "萬-關你屁事.mp3",
    "title": "關你屁事",
    "tags": [
      "阿萬",
      "罵"
    ],
    "id": "HZ88Pg"
  },
  {
    "file": "萬-已經夠甲了.mp3",
    "title": "已經夠甲了",
    "tags": [
      "阿萬"
    ],
    "id": "WfEeGQ"
  },
  {
    "file": "萬-齁齁齁好恐怖QQ.mp3",
    "title": "齁齁齁好恐怖QQ",
    "tags": [
      "阿萬"
    ],
    "id": "kdFbzw"
  },
  {
    "file": "萬-ㄍㄌㄌㄕ別嚇人.mp3",
    "title": "ㄍㄌㄌㄕ(髒話)",
    "tags": [
      "阿萬",
      "罵",
      "髒話"
    ],
    "id": "-QfM4Q"
  },
  {
    "file": "多人-貓狗豹瓦雞-阿萬小聲一點.mp3",
    "title": "阿萬小聲一點",
    "tags": [
      "豹子頭",
      "Matsuko",
      "貓下去",
      "瓦哈",
      "花雕雞"
    ],
    "id": "wtbN-g"
  },
  {
    "file": "豹-啊喂.mp3",
    "title": "啊喂~",
    "tags": [
      "豹子頭"
    ],
    "id": "H8IKAA"
  },
  {
    "file": "豹-NONO.mp3",
    "title": "NO NO",
    "tags": [
      "豹子頭",
      "定型文"
    ],
    "id": "E4zG-A"
  },
  {
    "file": "豹-tskr.mp3",
    "title": "TSKR",
    "tags": [
      "豹子頭",
      "定型文"
    ],
    "id": "EhngDA"
  },
  {
    "file": "豹-他要打阿萬的蛋.mp3",
    "title": "他要打阿萬的蛋",
    "tags": [
      "豹子頭"
    ],
    "id": "QLw2KQ"
  },
  {
    "file": "豹-可憐吶.mp3",
    "title": "可憐吶",
    "tags": [
      "豹子頭"
    ],
    "id": "-EwSFg"
  },
  {
    "file": "豹-把你頂死.mp3",
    "title": "把你頂死",
    "tags": [
      "豹子頭",
      "SUS"
    ],
    "id": "BdE2cA"
  },
  {
    "file": "豹-救命.mp3",
    "title": "救命",
    "tags": [
      "豹子頭",
      "定型文"
    ],
    "id": "VoQOJw"
  },
  {
    "file": "豹-嚇到.mp3",
    "title": "喔喔喔齁齁齁(嚇到)",
    "tags": [
      "豹子頭",
      "叫"
    ],
    "id": "BQNS_A"
  },
  {
    "file": "豹-500塊我的500塊.mp3",
    "title": "500塊我的500塊",
    "tags": [
      "豹子頭"
    ],
    "id": "el84-g"
  },
  {
    "file": "豹-Nya.mp3",
    "title": "nya",
    "tags": [
      "豹子頭"
    ],
    "id": "6asgDg"
  },
  {
    "file": "豹-yo2.mp3",
    "title": "yo2",
    "tags": [
      "豹子頭",
      "定型文"
    ],
    "id": "ruhpfg"
  },
  {
    "file": "豹-みなさんこんにちは.mp3",
    "title": "みなさんこんにちは",
    "tags": [
      "豹子頭",
      "定型文"
    ],
    "id": "I-iv4w"
  },
  {
    "file": "豹-混蛋x3.mp3",
    "title": "混蛋x3",
    "tags": [
      "豹子頭",
      "罵"
    ],
    "id": "9IcbMQ"
  },
  {
    "file": "狗-ㄟ嘿嘿嘿.mp3",
    "title": "ㄟ嘿嘿嘿",
    "tags": [
      "Matsuko",
      "笑"
    ],
    "id": "aJeSUw"
  },
  {
    "file": "狗-又來了又來了.mp3",
    "title": "又來了又來了",
    "tags": [
      "Matsuko"
    ],
    "id": "HrK_mg"
  },
  {
    "file": "狗-尖叫.mp3",
    "title": "尖叫",
    "tags": [
      "Matsuko",
      "叫"
    ],
    "id": "d-N4rw"
  },
  {
    "file": "狗-尖叫2.mp3",
    "title": "尖叫2",
    "tags": [
      "Matsuko",
      "叫"
    ],
    "id": "SkByBQ"
  },
  {
    "file": "狗-我很有活力喔.mp3",
    "title": "我很有活力喔",
    "tags": [
      "Matsuko"
    ],
    "id": "28ZU2A"
  },
  {
    "file": "狗-林北要來哄睡了.mp3",
    "title": "林北要來哄睡了",
    "tags": [
      "Matsuko"
    ],
    "id": "Ugra9A"
  },
  {
    "file": "狗-欸你出現了.mp3",
    "title": "欸你出現了",
    "tags": [
      "Matsuko"
    ],
    "id": "BIRTMQ"
  },
  {
    "file": "狗-萬-尖叫.mp3",
    "title": "狗萬尖叫",
    "tags": [
      "Matsuko",
      "阿萬"
    ],
    "id": "8v2feQ"
  },
  {
    "file": "狗-嘟嘟嘟哈哈哈.mp3",
    "title": "嘟嘟嘟哈哈哈",
    "tags": [
      "Matsuko",
      "笑"
    ],
    "id": "63RvbA"
  },
  {
    "file": "狗-皮卡啾.mp3",
    "title": "皮卡啾",
    "tags": [
      "Matsuko",
      "怪聲"
    ],
    "id": "bXLRnQ"
  },
  {
    "file": "狗-我的錢賺了又離開我.mp3",
    "title": "我的錢賺了又離開我",
    "tags": [
      "Matsuko"
    ],
    "id": "C_Rmmw"
  },
  {
    "file": "貓_粉肝破防術.mp3",
    "title": "粉肝破防術「這是豬」",
    "tags": [
      "貓下去",
      "阿萬",
      "笑"
    ],
    "id": "jeblJg"
  },
  {
    "file": "貓-不准罵我笨.mp3",
    "title": "不准罵我笨！",
    "tags": [
      "貓下去",
      "破防"
    ],
    "id": "dFIplQ"
  },
  {
    "file": "貓-形跡可疑.mp3",
    "title": "形跡可疑",
    "tags": [
      "貓下去"
    ],
    "id": "3QqS0Q"
  },
  {
    "file": "貓-GOTOHELL.mp3",
    "title": "直接叫他 GO TO HELL",
    "tags": [
      "貓下去"
    ],
    "id": "XZ0iSw"
  },
  {
    "file": "貓-因為他很DEEP.mp3",
    "title": "因為他很DEEP",
    "tags": [
      "貓下去"
    ],
    "id": "d4bCkg"
  },
  {
    "file": "貓-你這個好醜喔.mp3",
    "title": "你這個好醜喔",
    "tags": [
      "貓下去"
    ],
    "id": "P1x2Kw"
  },
  {
    "file": "貓-阿萬不太行喔.mp3",
    "title": "阿萬不太行喔",
    "tags": [
      "貓下去"
    ],
    "id": "OEB0-w"
  },
  {
    "file": "貓-欸你怎麼又死掉了.mp3",
    "title": "欸你怎麼又死掉了",
    "tags": [
      "貓下去"
    ],
    "id": "P-SolA"
  },
  {
    "file": "貓-喵嗚.mp3",
    "title": "喵嗚",
    "tags": [
      "貓下去"
    ],
    "id": "aKqpIA"
  },
  {
    "file": "貓-喵嗚2.mp3",
    "title": "喵嗚2",
    "tags": [
      "貓下去"
    ],
    "id": "i8CnQw"
  },
  {
    "file": "貓-過勞了.mp3",
    "title": "過勞了",
    "tags": [
      "貓下去"
    ],
    "id": "gskHMQ"
  },
  {
    "file": "貓-窩過勞了(更可憐版).mp3",
    "title": "窩過勞了(更可憐版)",
    "tags": [
      "貓下去"
    ],
    "id": "YdoQkg"
  },
  {
    "file": "貓-好.mp3",
    "title": "好",
    "tags": [
      "貓下去",
      "定型文"
    ],
    "id": "CEuu2g"
  },
  {
    "file": "貓-霍！.mp3",
    "title": "霍！",
    "tags": [
      "貓下去"
    ],
    "id": "ywLF7w"
  },
  {
    "file": "貓-欸真的欸.mp3",
    "title": "欸真的欸",
    "tags": [
      "貓下去",
      "定型文"
    ],
    "id": "Ewl1cg"
  },
  {
    "file": "瓦-屁股翹起來.mp3",
    "title": "屁股翹起來",
    "tags": [
      "瓦哈",
      "SUS"
    ],
    "id": "l397vw"
  },
  {
    "file": "瓦-躺下.mp3",
    "title": "躺下",
    "tags": [
      "瓦哈",
      "阿萬",
      "SUS"
    ],
    "id": "Zw-qBA"
  },
  {
    "file": "瓦-寶.mp3",
    "title": "寶",
    "tags": [
      "瓦哈"
    ],
    "id": "BS5TXA"
  },
  {
    "file": "瓦-不是我的問題啊.mp3",
    "title": "不是我的問題啊",
    "tags": [
      "瓦哈"
    ],
    "id": "yvUWtg"
  },
  {
    "file": "瓦-先脫光.mp3",
    "title": "先脫光",
    "tags": [
      "瓦哈",
      "SUS"
    ],
    "id": "Gy1_Mw"
  },
  {
    "file": "瓦-你去哪我就去哪.mp3",
    "title": "你去哪我就去哪",
    "tags": [
      "瓦哈"
    ],
    "id": "ArlfQw"
  },
  {
    "file": "瓦-你屁股要朝上.mp3",
    "title": "你屁股要朝上",
    "tags": [
      "瓦哈",
      "SUS"
    ],
    "id": "PITPqQ"
  },
  {
    "file": "瓦-我好害怕.mp3",
    "title": "我好害怕(捧讀)",
    "tags": [
      "瓦哈"
    ],
    "id": "6JMPzg"
  },
  {
    "file": "瓦-來我趴好了.mp3",
    "title": "來我趴好了",
    "tags": [
      "瓦哈",
      "SUS"
    ],
    "id": "Nf3Zog"
  },
  {
    "file": "瓦-真心話ASMR.mp3",
    "title": "真心話ASMR",
    "tags": [
      "瓦哈"
    ],
    "id": "qKCQcA"
  },
  {
    "file": "瓦-脫了躺下.mp3",
    "title": "脫了，躺下",
    "tags": [
      "瓦哈",
      "SUS"
    ],
    "id": "u0uxLg"
  },
  {
    "file": "瓦-蛤.mp3",
    "title": "蛤",
    "tags": [
      "瓦哈"
    ],
    "id": "MGZHfw"
  },
  {
    "file": "瓦-萬-我要超級甲.mp3",
    "title": "我要超級甲",
    "tags": [
      "瓦哈",
      "阿萬",
      "SUS"
    ],
    "id": "4iwxqA"
  },
  {
    "file": "瓦-開燈啊.mp3",
    "title": "開燈啊",
    "tags": [
      "瓦哈"
    ],
    "id": "oNTWqg"
  },
  {
    "file": "狗-(貓)被虐有空看訊息吧.mp3",
    "title": "(貓)被虐有空看訊息吧",
    "tags": [
      "Matsuko"
    ],
    "id": "apZzag"
  },
  {
    "file": "狗-NONOBAD.mp3",
    "title": "NONOBAD",
    "tags": [
      "Matsuko"
    ],
    "id": "RIBmJw"
  },
  {
    "file": "狗-OMG x3.mp3",
    "title": "OMG x3",
    "tags": [
      "Matsuko"
    ],
    "id": "XTOb-Q"
  },
  {
    "file": "狗-WTF.mp3",
    "title": "WTF",
    "tags": [
      "Matsuko",
      "罵"
    ],
    "id": "0brndA"
  },
  {
    "file": "狗-X!破了(怒).mp3",
    "title": "幹!破了(怒)",
    "tags": [
      "Matsuko",
      "罵",
      "髒話"
    ],
    "id": "ghYmfQ"
  },
  {
    "file": "狗-他不敢給承諾.mp3",
    "title": "他不敢給承諾",
    "tags": [
      "Matsuko"
    ],
    "id": "i1crrQ"
  },
  {
    "file": "狗-你真的是爛人欸.mp3",
    "title": "你真的是爛人欸",
    "tags": [
      "Matsuko",
      "罵"
    ],
    "id": "P_yq8g"
  },
  {
    "file": "狗-到底是什麼破技巧.mp3",
    "title": "到底是什麼破技巧",
    "tags": [
      "Matsuko",
      "罵"
    ],
    "id": "7FbBkw"
  },
  {
    "file": "狗-可愛叫聲.mp3",
    "title": "可愛叫聲",
    "tags": [
      "Matsuko",
      "怪聲"
    ],
    "id": "43jOTQ"
  },
  {
    "file": "狗-哭→嚇.mp3",
    "title": "哭→嚇",
    "tags": [
      "Matsuko",
      "叫"
    ],
    "id": "WqD9KA"
  },
  {
    "file": "狗-好累喔.mp3",
    "title": "好累喔",
    "tags": [
      "Matsuko"
    ],
    "id": "kSHuAQ"
  },
  {
    "file": "狗-我中邪了.mp3",
    "title": "我中邪了",
    "tags": [
      "Matsuko"
    ],
    "id": "xtVdzA"
  },
  {
    "file": "狗-我卡到陰...我卡到了.mp3",
    "title": "我卡到陰...我卡到了",
    "tags": [
      "Matsuko"
    ],
    "id": "gAEefg"
  },
  {
    "file": "狗-我好缺德.mp3",
    "title": "我好缺德",
    "tags": [
      "Matsuko"
    ],
    "id": "2NQOvw"
  },
  {
    "file": "狗-我聞到了霸凌的味道.mp3",
    "title": "我聞到了霸凌的味道",
    "tags": [
      "Matsuko"
    ],
    "id": "TRbBVw"
  },
  {
    "file": "狗-我要你的愛(唱).mp3",
    "title": "我要你的愛(唱)",
    "tags": [
      "Matsuko",
      "唱"
    ],
    "id": "8iGfpA"
  },
  {
    "file": "狗-拷貝xN(氣音).mp3",
    "title": "拷貝xN(氣音)",
    "tags": [
      "Matsuko",
      "罵"
    ],
    "id": "8ee19w"
  },
  {
    "file": "狗-有人在嗎(可憐).mp3",
    "title": "有人在嗎(可憐)",
    "tags": [
      "Matsuko"
    ],
    "id": "Jx_RcA"
  },
  {
    "file": "狗-為什麼不讓我鼠掉.mp3",
    "title": "為什麼不讓我鼠掉",
    "tags": [
      "Matsuko"
    ],
    "id": "SBbzmw"
  },
  {
    "file": "狗-瓦哈你很努力喔↗↗↗↗.mp3",
    "title": "瓦哈你很努力喔↗↗↗↗",
    "tags": [
      "Matsuko"
    ],
    "id": "iaAPKg"
  },
  {
    "file": "狗-給我哀鳳！.mp3",
    "title": "給我哀鳳！",
    "tags": [
      "Matsuko"
    ],
    "id": "eVzv7w"
  },
  {
    "file": "狗-萬-雙重尖叫.mp3",
    "title": "雙重尖叫",
    "tags": [
      "Matsuko",
      "阿萬",
      "叫"
    ],
    "id": "qMc53Q"
  },
  {
    "file": "狗-豹-污垢配音.mp3",
    "title": "污垢配音",
    "tags": [
      "Matsuko",
      "豹子頭",
      "怪聲"
    ],
    "id": "vxyIUw"
  },
  {
    "file": "狗-貓-不要打噴嚏喜咧考.mp3",
    "title": "不要打噴嚏喜咧考",
    "tags": [
      "Matsuko",
      "貓下去",
      "罵"
    ],
    "id": "jPfrhw"
  },
  {
    "file": "狗-這不是阿萬的台嗎.mp3",
    "title": "這不是阿萬的台嗎",
    "tags": [
      "Matsuko"
    ],
    "id": "MekgzQ"
  },
  {
    "file": "狗-這是個破GAME.mp3",
    "title": "這是個破GAME",
    "tags": [
      "Matsuko",
      "罵"
    ],
    "id": "B3KK7Q"
  },
  {
    "file": "狗-過勞了.mp3",
    "title": "過勞了",
    "tags": [
      "Matsuko"
    ],
    "id": "H2Mk3g"
  },
  {
    "file": "狗-隨便拉(放棄狀態).mp3",
    "title": "隨便啦(放棄狀態)",
    "tags": [
      "Matsuko"
    ],
    "id": "dcakqQ"
  },
  {
    "file": "狗-霹靂舞.mp3",
    "title": "霹靂舞",
    "tags": [
      "Matsuko"
    ],
    "id": "PkD0vg"
  },
  {
    "file": "瓦-はい～.mp3",
    "title": "はい～",
    "tags": [
      "瓦哈",
      "定型文"
    ],
    "id": "0owyFw"
  },
  {
    "file": "瓦-快點讓他閉嘴.mp3",
    "title": "快點讓他閉嘴",
    "tags": [
      "瓦哈"
    ],
    "id": "P4NOfg"
  },
  {
    "file": "瓦-直接射他.mp3",
    "title": "直接射他",
    "tags": [
      "瓦哈"
    ],
    "id": "OZCdaQ"
  },
  {
    "file": "萬-尊重.mp3",
    "title": "#尊重",
    "tags": [
      "阿萬"
    ],
    "id": "c6U9FA"
  },
  {
    "file": "萬-(哭)不要.mp3",
    "title": "(哭)不要",
    "tags": [
      "阿萬"
    ],
    "id": "GP9viA"
  },
  {
    "file": "萬-Sherma(唱).mp3",
    "title": "Sherma(唱)",
    "tags": [
      "阿萬",
      "唱"
    ],
    "id": "IJkqbw"
  },
  {
    "file": "萬-and then？.mp3",
    "title": "and then？",
    "tags": [
      "阿萬",
      "定型文"
    ],
    "id": "0ln-0w"
  },
  {
    "file": "萬-hehehehahaRRR.mp3",
    "title": "hehehehahaRRR",
    "tags": [
      "阿萬",
      "笑",
      "叫"
    ],
    "id": "g6BtUw"
  },
  {
    "file": "萬-i am free.mp3",
    "title": "i am free",
    "tags": [
      "阿萬"
    ],
    "id": "WjFNpw"
  },
  {
    "file": "萬-yo哈囉.mp3",
    "title": "yo哈囉",
    "tags": [
      "阿萬",
      "定型文"
    ],
    "id": "g6unGw"
  },
  {
    "file": "萬-不要啦你不要退出啦.mp3",
    "title": "不要啦你不要退出啦",
    "tags": [
      "阿萬"
    ],
    "id": "XQTNNQ"
  },
  {
    "file": "萬-主任可以罵我嗎-不可以.mp3",
    "title": "不可以",
    "tags": [
      "阿萬"
    ],
    "id": "D2CU9A"
  },
  {
    "file": "萬-亂叫耍猴戲.mp3",
    "title": "亂叫耍猴戲",
    "tags": [
      "阿萬",
      "怪聲"
    ],
    "id": "2Ru-oA"
  },
  {
    "file": "萬-你不可以醬.mp3",
    "title": "你不可以醬",
    "tags": [
      "阿萬",
      "定型文"
    ],
    "id": "79y31Q"
  },
  {
    "file": "萬-你忍心嗎.mp3",
    "title": "你忍心嗎",
    "tags": [
      "阿萬",
      "定型文"
    ],
    "id": "6Yqs8g"
  },
  {
    "file": "萬-你最近有沒有犯下什麼罪刑.mp3",
    "title": "你最近有沒有犯下什麼罪刑",
    "tags": [
      "阿萬",
      "定型文"
    ],
    "id": "7pHBRw"
  },
  {
    "file": "萬-你這懶鬼.mp3",
    "title": "你這懶鬼",
    "tags": [
      "阿萬",
      "罵"
    ],
    "id": "44Z8tw"
  },
  {
    "file": "萬-南ㄍㄢˇㄍㄢˊㄍㄢˋ.mp3",
    "title": "南ㄍㄢˇㄍㄢˊㄍㄢˋ",
    "tags": [
      "阿萬"
    ],
    "id": "aKi7Pg"
  },
  {
    "file": "萬-又我跟你講了(米奇).mp3",
    "title": "又我跟你講了(米奇)",
    "tags": [
      "阿萬",
      "破防"
    ],
    "id": "jaE6GQ"
  },
  {
    "file": "萬-叫你運動不運動啊.mp3",
    "title": "叫你運動不運動啊",
    "tags": [
      "阿萬",
      "罵"
    ],
    "id": "VvigCA"
  },
  {
    "file": "萬-可悲阿.mp3",
    "title": "可悲阿",
    "tags": [
      "阿萬",
      "罵"
    ],
    "id": "5RcdRw"
  },
  {
    "file": "萬-嘲笑笨蛋的笑聲.mp3",
    "title": "嘲笑笨蛋的笑聲",
    "tags": [
      "阿萬",
      "笑"
    ],
    "id": "eGdM3g"
  },
  {
    "file": "萬-好爛喏.mp3",
    "title": "好爛喏",
    "tags": [
      "阿萬"
    ],
    "id": "l-3sSg"
  },
  {
    "file": "萬-好笨喔滾啦.mp3",
    "title": "好笨喔滾啦",
    "tags": [
      "阿萬",
      "罵"
    ],
    "id": "LGpJuQ"
  },
  {
    "file": "萬-守護理智的最後一線.mp3",
    "title": "守護理智的最後一線",
    "tags": [
      "阿萬"
    ],
    "id": "JmAgJA"
  },
  {
    "file": "萬-已讀不回的原因為何.mp3",
    "title": "已讀不回的原因為何",
    "tags": [
      "阿萬",
      "定型文"
    ],
    "id": "D6lMwg"
  },
  {
    "file": "萬-怕你喔(然後嚇爛).mp3",
    "title": "怕你喔(然後嚇爛)",
    "tags": [
      "阿萬",
      "叫"
    ],
    "id": "GorSMA"
  },
  {
    "file": "萬-愛我別走(唱).mp3",
    "title": "愛我別走(唱)",
    "tags": [
      "阿萬",
      "叫"
    ],
    "id": "0UW0Ng"
  },
  {
    "file": "萬-我們兩個是一隊的.mp3",
    "title": "我們兩個是一隊的",
    "tags": [
      "阿萬"
    ],
    "id": "RULwcg"
  },
  {
    "file": "萬-我真的不要了(哭).mp3",
    "title": "我真的不要了(哭)",
    "tags": [
      "阿萬"
    ],
    "id": "avTBdA"
  },
  {
    "file": "萬-打魔物的時刻囉.mp3",
    "title": "打魔物的時刻囉",
    "tags": [
      "阿萬"
    ],
    "id": "as7cUw"
  },
  {
    "file": "萬-滾.mp3",
    "title": "滾",
    "tags": [
      "阿萬",
      "罵"
    ],
    "id": "5OdpTw"
  },
  {
    "file": "萬-白癡糞GAME.mp3",
    "title": "白癡糞GAME",
    "tags": [
      "阿萬",
      "罵"
    ],
    "id": "uhBPTQ"
  },
  {
    "file": "萬-盒盒盒哈哈哈哈.mp3",
    "title": "盒盒盒哈哈哈哈",
    "tags": [
      "阿萬",
      "笑"
    ],
    "id": "dFiyKw"
  },
  {
    "file": "萬-碎心.mp3",
    "title": "碎心",
    "tags": [
      "阿萬"
    ],
    "id": "-vC51Q"
  },
  {
    "file": "萬-粉肝是可愛的東西.mp3",
    "title": "粉肝是可愛的東西",
    "tags": [
      "阿萬",
      "誇獎"
    ],
    "id": "d8SVKQ"
  },
  {
    "file": "萬-精神崩壞的笑聲.mp3",
    "title": "精神崩壞的笑聲",
    "tags": [
      "阿萬",
      "笑"
    ],
    "id": "AVylBg"
  },
  {
    "file": "萬-給你昇龍拳喏❤.mp3",
    "title": "給你昇龍拳喏❤",
    "tags": [
      "阿萬",
      "迷因"
    ],
    "id": "v-rbGw"
  },
  {
    "file": "萬-耳朵要小心不要被割下來喔.mp3",
    "title": "耳朵要小心不要被割下來喔",
    "tags": [
      "阿萬"
    ],
    "id": "eE0dwQ"
  },
  {
    "file": "萬-花枝亂顫的尖叫.mp3",
    "title": "花枝亂顫的尖叫",
    "tags": [
      "阿萬",
      "叫"
    ],
    "id": "nXT23w"
  },
  {
    "file": "萬-萌え萌えチュー.mp3",
    "title": "萌え萌えチュー",
    "tags": [
      "阿萬",
      "迷因"
    ],
    "id": "3KtqYA"
  },
  {
    "file": "萬-蛤.mp3",
    "title": "蛤",
    "tags": [
      "阿萬",
      "定型文"
    ],
    "id": "LUrYWw"
  },
  {
    "file": "萬-親香腸哥的笑聲.mp3",
    "title": "親香腸哥的笑聲",
    "tags": [
      "阿萬",
      "笑"
    ],
    "id": "j8Lrgw"
  },
  {
    "file": "萬-這什麼垃圾遊戲.mp3",
    "title": "這什麼垃圾遊戲",
    "tags": [
      "阿萬",
      "罵"
    ],
    "id": "pn2DdQ"
  },
  {
    "file": "萬-這麼尷這麼尬.mp3",
    "title": "這麼尷這麼尬",
    "tags": [
      "阿萬"
    ],
    "id": "-q2NUw"
  },
  {
    "file": "萬-過勞了.mp3",
    "title": "過勞了",
    "tags": [
      "阿萬"
    ],
    "id": "EaU9Tg"
  },
  {
    "file": "萬-那你洗完澡了對不對.mp3",
    "title": "那你洗完澡了對不對",
    "tags": [
      "阿萬",
      "定型文"
    ],
    "id": "S80RAQ"
  },
  {
    "file": "萬-阿萬母語.mp3",
    "title": "阿萬母語",
    "tags": [
      "阿萬","怪聲"
    ],
    "id": "-RLMuw"
  },
  {
    "file": "萬-鵝哈哈哈哈.mp3",
    "title": "鵝哈哈哈哈",
    "tags": [
      "阿萬",
      "笑"
    ],
    "id": "-9wQtg"
  },
  {
    "file": "豹-Sherma(唱).mp3",
    "title": "Sherma(唱)",
    "tags": [
      "豹子頭",
      "唱"
    ],
    "id": "CI1lcg"
  },
  {
    "file": "豹-shit xN.mp3",
    "title": "shit xN",
    "tags": [
      "豹子頭",
      "罵",
      "髒話"
    ],
    "id": "3hkTbQ"
  },
  {
    "file": "豹-sui la.mp3",
    "title": "suí la",
    "tags": [
      "豹子頭",
      "定型文"
    ],
    "id": "ROnJ_Q"
  },
  {
    "file": "豹-what R U doing.mp3",
    "title": "what R U doing",
    "tags": [
      "豹子頭",
      "定型文"
    ],
    "id": "iksOJg"
  },
  {
    "file": "豹-woah.mp3",
    "title": "woah",
    "tags": [
      "豹子頭",
      "定型文"
    ],
    "id": "BNKMxQ"
  },
  {
    "file": "豹-yo.mp3",
    "title": "yo",
    "tags": [
      "豹子頭",
      "定型文"
    ],
    "id": "U1OVvQ"
  },
  {
    "file": "豹-このゲームはご覧のスポンサーの提供で送りました.mp3",
    "title": "このゲームはご覧のスポンサーの提供で送りました",
    "tags": [
      "豹子頭",
      "定型文"
    ],
    "id": "3xyjaQ"
  },
  {
    "file": "豹-你怎麼這麼棒.mp3",
    "title": "你怎麼這麼棒",
    "tags": [
      "豹子頭",
      "誇獎"
    ],
    "id": "JkJ9-A"
  },
  {
    "file": "豹-你摔破還想要賣錢喔.mp3",
    "title": "你摔破還想要賣錢喔",
    "tags": [
      "豹子頭"
    ],
    "id": "wnUwmQ"
  },
  {
    "file": "豹-你是巨人警察.mp3",
    "title": "你是巨人警察",
    "tags": [
      "豹子頭"
    ],
    "id": "C1PLUA"
  },
  {
    "file": "豹-你要去哪裡hehehe.mp3",
    "title": "你要去哪裡hehehe",
    "tags": [
      "豹子頭",
      "笑"
    ],
    "id": "eVh4WQ"
  },
  {
    "file": "豹-可以加芋頭了嗎.mp3",
    "title": "可以加芋頭了嗎",
    "tags": [
      "豹子頭"
    ],
    "id": "Tc7Gng"
  },
  {
    "file": "豹-壽命越長有越多好玩遊戲.mp3",
    "title": "壽命越長有越多好玩遊戲",
    "tags": [
      "豹子頭"
    ],
    "id": "cPlifw"
  },
  {
    "file": "豹-好爽.mp3",
    "title": "好爽",
    "tags": [
      "豹子頭",
      "定型文"
    ],
    "id": "oKXVqg"
  },
  {
    "file": "豹-我的豆花2000塊.mp3",
    "title": "我的豆花2000塊",
    "tags": [
      "豹子頭"
    ],
    "id": "_vdsyw"
  },
  {
    "file": "豹-永遠不回頭(唱).mp3",
    "title": "永遠不回頭(唱)",
    "tags": [
      "豹子頭",
      "唱"
    ],
    "id": "FyZssQ"
  },
  {
    "file": "豹-為了健康就是最大的目的.mp3",
    "title": "為了健康就是最大的目的",
    "tags": [
      "豹子頭"
    ],
    "id": "_s0D-Q"
  },
  {
    "file": "豹-為了玩更久的遊戲.mp3",
    "title": "為了玩更久的遊戲",
    "tags": [
      "豹子頭"
    ],
    "id": "WkI8ZQ"
  },
  {
    "file": "豹-狗-哇阿.mp3",
    "title": "哇阿",
    "tags": [
      "豹子頭",
      "Matsuko"
    ],
    "id": "z162-g"
  },
  {
    "file": "豹-狗-萬-生日歌.mp3",
    "title": "生日歌",
    "tags": [
      "豹子頭",
      "Matsuko",
      "阿萬",
      "唱"
    ],
    "id": "V1CDqQ"
  },
  {
    "file": "豹-瓦哈你跳太大聲了.mp3",
    "title": "瓦哈你跳太大聲了",
    "tags": [
      "豹子頭"
    ],
    "id": "7OSXrQ"
  },
  {
    "file": "豹-萬-學貓叫二重唱.mp3",
    "title": "學貓叫二重唱",
    "tags": [
      "豹子頭",
      "阿萬",
      "唱"
    ],
    "id": "JN5CdA"
  },
  {
    "file": "豹-要有健康才能追求更多快樂的事.mp3",
    "title": "要有健康才能追求更多快樂的事",
    "tags": [
      "豹子頭"
    ],
    "id": "ACi3tg"
  },
  {
    "file": "豹-誰是路癡 蛤蛤蛤(質問).mp3",
    "title": "誰是路癡 蛤蛤蛤(質問)",
    "tags": [
      "豹子頭"
    ],
    "id": "LFwrzQ"
  },
  {
    "file": "豹-阿看.mp3",
    "title": "阿看",
    "tags": [
      "豹子頭",
      "罵"
    ],
    "id": "zlTYsg"
  },
  {
    "file": "貓-matsuko真的像個D能2.mp3",
    "title": "Matsuko真的像個D能2",
    "tags": [
      "貓下去",
      "罵"
    ],
    "id": "Ssbyqg"
  },
  {
    "file": "貓-ㄟ他關門我東西壞掉拉.mp3",
    "title": "ㄟ他關門我東西壞掉拉",
    "tags": [
      "貓下去"
    ],
    "id": "2buhGQ"
  },
  {
    "file": "貓-不要殺我！.mp3",
    "title": "不要殺我！",
    "tags": [
      "貓下去"
    ],
    "id": "rDDnTw"
  },
  {
    "file": "貓-今天是嚴厲的火.mp3",
    "title": "今天是嚴厲的火",
    "tags": [
      "貓下去"
    ],
    "id": "XLcgGw"
  },
  {
    "file": "貓-你好殘暴.mp3",
    "title": "你好殘暴",
    "tags": [
      "貓下去"
    ],
    "id": "H0OsHQ"
  },
  {
    "file": "貓-你真的好廢我譴責你.mp3",
    "title": "你真的好廢我譴責你",
    "tags": [
      "貓下去"
    ],
    "id": "sCagzw"
  },
  {
    "file": "貓-像微波爐.mp3",
    "title": "像微波爐",
    "tags": [
      "貓下去"
    ],
    "id": "iL2p3Q"
  },
  {
    "file": "貓-哇.mp3",
    "title": "哇",
    "tags": [
      "貓下去",
      "定型文"
    ],
    "id": "bP44Zg"
  },
  {
    "file": "貓-哦這是兔（鼠）子（ki)吧.mp3",
    "title": "哦這是兔（鼠）子（ki)吧",
    "tags": [
      "貓下去"
    ],
    "id": "nQFXDg"
  },
  {
    "file": "貓-在一片寂靜中尋得了真理.mp3",
    "title": "在一片寂靜中尋得了真理",
    "tags": [
      "貓下去"
    ],
    "id": "LURj8w"
  },
  {
    "file": "貓-在座的BROTHER們也都是僕人.mp3",
    "title": "在座的BROTHER們也都是僕人",
    "tags": [
      "貓下去"
    ],
    "id": "rLA5Qw"
  },
  {
    "file": "貓-太可怕了太恐怖了.mp3",
    "title": "太可怕了太恐怖了",
    "tags": [
      "貓下去"
    ],
    "id": "qUKauQ"
  },
  {
    "file": "貓-應該只有我戴眼鏡吧.mp3",
    "title": "應該只有我戴眼鏡吧",
    "tags": [
      "貓下去"
    ],
    "id": "3W94-g"
  },
  {
    "file": "貓-我不應該一直玩這個糞game.mp3",
    "title": "我不應該一直玩這個糞game",
    "tags": [
      "貓下去"
    ],
    "id": "IO-fUg"
  },
  {
    "file": "貓-我不是這個意思（嚼）.mp3",
    "title": "我不是這個意思（嚼）",
    "tags": [
      "貓下去"
    ],
    "id": "8pvlaQ"
  },
  {
    "file": "貓-我先退出一下.mp3",
    "title": "我先退出一下",
    "tags": [
      "貓下去",
      "定型文"
    ],
    "id": "OCDupQ"
  },
  {
    "file": "貓-我剛下班.mp3",
    "title": "我剛下班",
    "tags": [
      "貓下去",
      "定型文"
    ],
    "id": "_UBRGA"
  },
  {
    "file": "貓-我剛洗完澡.mp3",
    "title": "我剛洗完澡",
    "tags": [
      "貓下去",
      "定型文"
    ],
    "id": "zYSp3g"
  },
  {
    "file": "貓-我去洗澡了.mp3",
    "title": "我去洗澡了",
    "tags": [
      "貓下去",
      "定型文"
    ],
    "id": "xtyTzA"
  },
  {
    "file": "貓-我怎麼也進去了？.mp3",
    "title": "我怎麼也進去了？",
    "tags": [
      "貓下去"
    ],
    "id": "H0WqNA"
  },
  {
    "file": "貓-我怎麼頭上有這麼大一頂帽子.mp3",
    "title": "我怎麼頭上有這麼大一頂帽子",
    "tags": [
      "貓下去"
    ],
    "id": "CiiZbw"
  },
  {
    "file": "貓-我的意思是說（嚼）.mp3",
    "title": "我的意思是說（嚼）",
    "tags": [
      "貓下去"
    ],
    "id": "ci2-9g"
  },
  {
    "file": "貓-有xN.mp3",
    "title": "有有有有↑",
    "tags": [
      "貓下去",
      "定型文"
    ],
    "id": "qLML6A"
  },
  {
    "file": "貓-有糖的燒他.mp3",
    "title": "有糖的燒他",
    "tags": [
      "貓下去"
    ],
    "id": "idtikw"
  },
  {
    "file": "貓-沒帶腦子在打.mp3",
    "title": "沒帶腦子在打",
    "tags": [
      "貓下去"
    ],
    "id": "ij_TSg"
  },
  {
    "file": "貓-火焰的力量我已經變成它的僕人了.mp3",
    "title": "火焰的力量我已經變成它的僕人了",
    "tags": [
      "貓下去"
    ],
    "id": "CgTtyA"
  },
  {
    "file": "貓-熬夜的翹楚.mp3",
    "title": "熬夜的翹楚",
    "tags": [
      "貓下去"
    ],
    "id": "mvyHbg"
  },
  {
    "file": "貓-犯了傲慢的罪.mp3",
    "title": "犯了傲慢的罪",
    "tags": [
      "貓下去"
    ],
    "id": "gnkZgA"
  },
  {
    "file": "貓-相信我這個巨人警察.mp3",
    "title": "相信我這個巨人警察",
    "tags": [
      "貓下去"
    ],
    "id": "4tVzuA"
  },
  {
    "file": "貓-碎…碎掉了(委屈).mp3",
    "title": "碎…碎掉了(委屈)",
    "tags": [
      "貓下去"
    ],
    "id": "KAXPWg"
  },
  {
    "file": "貓-蛤真的脫了.mp3",
    "title": "蛤真的脫了",
    "tags": [
      "貓下去"
    ],
    "id": "9wSisw"
  },
  {
    "file": "貓-讓阿萬體現一下價值.mp3",
    "title": "讓阿萬體現一下價值",
    "tags": [
      "貓下去"
    ],
    "id": "am6aPg"
  },
  {
    "file": "貓-這個是什麼啊.mp3",
    "title": "這個是什麼啊",
    "tags": [
      "貓下去",
      "定型文"
    ],
    "id": "CBhN5w"
  },
  {
    "file": "貓-這個杯子1900，啊！摔破了.mp3",
    "title": "這個杯子1900，啊！摔破了",
    "tags": [
      "貓下去"
    ],
    "id": "jvINSg"
  },
  {
    "file": "貓-這是蒙古鍋嗎.mp3",
    "title": "這是蒙古鍋嗎",
    "tags": [
      "貓下去"
    ],
    "id": "pSigMw"
  },
  {
    "file": "貓-邊寫論文就不會感受到恐怖的訊息.mp3",
    "title": "論文恐懼遮蓋之術",
    "tags": [
      "貓下去"
    ],
    "id": "RIIXgQ"
  },
  {
    "file": "貓-那我去洗澡了.mp3",
    "title": "那我去洗澡了",
    "tags": [
      "貓下去",
      "定型文"
    ],
    "id": "1oHREw"
  },
  {
    "file": "貓-電子陽痿.mp3",
    "title": "電子陽痿",
    "tags": [
      "貓下去"
    ],
    "id": "RA4NQQ"
  },
  {
    "file": "貓-青色的火焰我感受到很熱.mp3",
    "title": "青色的火焰我感受到很熱",
    "tags": [
      "貓下去"
    ],
    "id": "7Kx_uQ"
  },
  {
    "file": "貓-靠腰咧他直接變0塊.mp3",
    "title": "靠腰咧他直接變0塊",
    "tags": [
      "貓下去",
      "罵"
    ],
    "id": "fWWxUw"
  },
  {
    "file": "貓-馬上用knowledge電你.mp3",
    "title": "馬上用knowledge電你",
    "tags": [
      "貓下去"
    ],
    "id": "vhU4MQ"
  },
  {
    "file": "狗-GAY BAR~.mp3",
    "title": "GAY BAR~",
    "tags": [
      "Matsuko"
    ],
    "id": "quGlWg"
  },
  {
    "file": "狗-oh ya~.mp3",
    "title": "oh ya~",
    "tags": [
      "Matsuko"
    ],
    "id": "yKh2IQ"
  },
  {
    "file": "狗-ㄅㄅ.mp3",
    "title": "ㄅㄅ",
    "tags": [
      "Matsuko",
      "定型文"
    ],
    "id": "KVyx2w"
  },
  {
    "file": "狗-不准罵我笨(仿).mp3",
    "title": "不准罵我笨(仿)",
    "tags": [
      "Matsuko"
    ],
    "id": "fGbpfQ"
  },
  {
    "file": "狗-不過看到這麼多人也是0我就覺得非常開心.mp3",
    "title": "看到這麼多人也是0",
    "tags": [
      "Matsuko",
      "SUS"
    ],
    "id": "vtrwMg"
  },
  {
    "file": "狗-呃啊~[SUS].mp3",
    "title": "亂叫",
    "tags": [
      "Matsuko",
      "SUS"
    ],
    "id": "s-SPQQ"
  },
  {
    "file": "狗-人體BGM.mp3",
    "title": "人體BGM",
    "tags": [
      "Matsuko",
      "唱"
    ],
    "id": "pHsa_Q"
  },
  {
    "file": "狗-今天直播就到這邊大家再見.mp3",
    "title": "今天直播就到這邊大家再見",
    "tags": [
      "Matsuko",
      "定型文"
    ],
    "id": "XMTwcg"
  },
  {
    "file": "狗-他選擇性失聰.mp3",
    "title": "他選擇性失聰",
    "tags": [
      "Matsuko"
    ],
    "id": "Rznftg"
  },
  {
    "file": "狗-你好臭喔但一直聞.mp3",
    "title": "你好臭喔但一直聞",
    "tags": [
      "Matsuko"
    ],
    "id": "uSfIQA"
  },
  {
    "file": "狗-到底在噗P噗.mp3",
    "title": "到底在噗P噗",
    "tags": [
      "Matsuko",
      "罵"
    ],
    "id": "iXn8DA"
  },
  {
    "file": "狗-唉唷威.mp3",
    "title": "唉唷威",
    "tags": [
      "Matsuko"
    ],
    "id": "Z_ufcw"
  },
  {
    "file": "狗-喔摸！.mp3",
    "title": "喔摸！",
    "tags": [
      "Matsuko"
    ],
    "id": "7Qhvdw"
  },
  {
    "file": "狗-嗚窩.mp3",
    "title": "嗚窩",
    "tags": [
      "Matsuko"
    ],
    "id": "Nytt0Q"
  },
  {
    "file": "狗-嗯哼(怪腔怪調)[怪聲].mp3",
    "title": "嗯哼(怪腔怪調)",
    "tags": [
      "Matsuko",
      "怪聲"
    ],
    "id": "6TE-9w"
  },
  {
    "file": "狗-嘻hehehe.mp3",
    "title": "嘻hehehe",
    "tags": [
      "Matsuko",
      "笑"
    ],
    "id": "Ti-riA"
  },
  {
    "file": "狗-在屋頂唱著你的歌[唱].mp3",
    "title": "在屋頂唱著你的歌",
    "tags": [
      "Matsuko",
      "唱"
    ],
    "id": "7rIh7g"
  },
  {
    "file": "狗-很kusoㄛ.mp3",
    "title": "很kusoㄛ",
    "tags": [
      "Matsuko"
    ],
    "id": "7UmrcA"
  },
  {
    "file": "狗-我偷這個放大鏡.mp3",
    "title": "我偷這個放大鏡",
    "tags": [
      "Matsuko"
    ],
    "id": "zvirHg"
  },
  {
    "file": "狗-我快斷電了.mp3",
    "title": "我快斷電了",
    "tags": [
      "Matsuko"
    ],
    "id": "fl1ucg"
  },
  {
    "file": "狗-我要17ㄆㄡˋmax.mp3",
    "title": "我要17ㄆㄡˋmax",
    "tags": [
      "Matsuko"
    ],
    "id": "BTsOXg"
  },
  {
    "file": "狗-為什麼不給我哀鳳.mp3",
    "title": "為什麼不給我哀鳳",
    "tags": [
      "Matsuko"
    ],
    "id": "NNHM0Q"
  },
  {
    "file": "狗-現在是星期五晚上[唱].mp3",
    "title": "現在是星期五晚上",
    "tags": [
      "Matsuko",
      "唱"
    ],
    "id": "dxhhcQ"
  },
  {
    "file": "狗-等登.mp3",
    "title": "等登(世紀帝國?)",
    "tags": [
      "Matsuko"
    ],
    "id": "tRbPcw"
  },
  {
    "file": "狗-等等燈燈燈.mp3",
    "title": "等等燈燈燈",
    "tags": [
      "Matsuko"
    ],
    "id": "5YuyGg"
  },
  {
    "file": "狗-老師果然思維就是不同.mp3",
    "title": "老師果然思維就是不同",
    "tags": [
      "Matsuko"
    ],
    "id": "HqCUTA"
  },
  {
    "file": "狗-這到底甚麼破技巧.mp3",
    "title": "這到底甚麼破技巧",
    "tags": [
      "Matsuko"
    ],
    "id": "V46fXw"
  },
  {
    "file": "狗-萬-GAY BAR.mp3",
    "title": "GAY BAR",
    "tags": [
      "Matsuko",
      "阿萬"
    ],
    "id": "j22IRQ"
  },
  {
    "file": "瓦-hehe.mp3",
    "title": "hehe",
    "tags": [
      "瓦哈"
    ],
    "id": "kwy30Q"
  },
  {
    "file": "瓦-ㄅㄧㄤˋ你死掉了.mp3",
    "title": "ㄅㄧㄤˋ你死掉了",
    "tags": [
      "瓦哈"
    ],
    "id": "xojSMg"
  },
  {
    "file": "瓦-不要再偷我東西了啦.mp3",
    "title": "不要再偷我東西了啦",
    "tags": [
      "瓦哈"
    ],
    "id": "ScG1jQ"
  },
  {
    "file": "瓦-你可以好好玩嗎.mp3",
    "title": "你可以好好玩嗎",
    "tags": [
      "瓦哈",
      "定型文"
    ],
    "id": "VHPaAg"
  },
  {
    "file": "瓦-你太害怕後面沒人接你話了.mp3",
    "title": "你太害怕後面沒人接你話了",
    "tags": [
      "瓦哈"
    ],
    "id": "pD7cdw"
  },
  {
    "file": "瓦-你好爛喏.mp3",
    "title": "你好爛喏",
    "tags": [
      "瓦哈"
    ],
    "id": "JtzhQw"
  },
  {
    "file": "瓦-你有學過向量嗎 你有沒有學過數學.mp3",
    "title": "你有學過向量嗎 你有沒有學過數學",
    "tags": [
      "瓦哈"
    ],
    "id": "07BKBg"
  },
  {
    "file": "瓦-你確定我們是朋友嗎.mp3",
    "title": "你確定我們是朋友嗎",
    "tags": [
      "瓦哈"
    ],
    "id": "ilA_bA"
  },
  {
    "file": "瓦-嘲笑遊戲.mp3",
    "title": "嘲笑遊戲",
    "tags": [
      "瓦哈"
    ],
    "id": "Wuzn1A"
  },
  {
    "file": "瓦-因為我沒朋友啊.mp3",
    "title": "因為我沒朋友啊",
    "tags": [
      "瓦哈"
    ],
    "id": "G5jggw"
  },
  {
    "file": "瓦-好爽ㄛ.mp3",
    "title": "好爽ㄛ",
    "tags": [
      "瓦哈"
    ],
    "id": "vJT-Lg"
  },
  {
    "file": "瓦-射我xN.mp3",
    "title": "射我xN",
    "tags": [
      "瓦哈"
    ],
    "id": "PFARlw"
  },
  {
    "file": "瓦-小狗狗.mp3",
    "title": "小狗狗",
    "tags": [
      "瓦哈"
    ],
    "id": "_q3XGw"
  },
  {
    "file": "瓦-就有人在雷阿.mp3",
    "title": "就有人在雷阿",
    "tags": [
      "瓦哈"
    ],
    "id": "lsy9Qw"
  },
  {
    "file": "瓦-帳篷專家.mp3",
    "title": "帳篷專家",
    "tags": [
      "瓦哈"
    ],
    "id": "DovbQA"
  },
  {
    "file": "瓦-我勉強跟你當朋友.mp3",
    "title": "我勉強跟你當朋友",
    "tags": [
      "瓦哈"
    ],
    "id": "o4185A"
  },
  {
    "file": "瓦-我想到就興奮.mp3",
    "title": "我想到就興奮",
    "tags": [
      "瓦哈",
      "SUS"
    ],
    "id": "KTncMw"
  },
  {
    "file": "瓦-我真棒.mp3",
    "title": "我真棒",
    "tags": [
      "瓦哈"
    ],
    "id": "_tr3kw"
  },
  {
    "file": "瓦-我還在.mp3",
    "title": "我還在",
    "tags": [
      "瓦哈"
    ],
    "id": "WYFi8g"
  },
  {
    "file": "瓦-殺了我吧.mp3",
    "title": "殺了我吧",
    "tags": [
      "瓦哈"
    ],
    "id": "VSLhjw"
  },
  {
    "file": "瓦-測試瓦哈壓力.mp3",
    "title": "測試瓦哈壓力",
    "tags": [
      "瓦哈"
    ],
    "id": "BhwS2Q"
  },
  {
    "file": "瓦-為了你.mp3",
    "title": "為了你",
    "tags": [
      "瓦哈"
    ],
    "id": "yc7HmQ"
  },
  {
    "file": "瓦-笑聲.mp3",
    "title": "笑聲",
    "tags": [
      "瓦哈",
      "笑"
    ],
    "id": "ci9Hig"
  },
  {
    "file": "瓦-笑聲2.mp3",
    "title": "笑聲2",
    "tags": [
      "瓦哈",
      "笑"
    ],
    "id": "3GA2XQ"
  },
  {
    "file": "瓦-糞GAME.mp3",
    "title": "糞GAME",
    "tags": [
      "瓦哈"
    ],
    "id": "8KQcwg"
  },
  {
    "file": "瓦-萬-換你啦.mp3",
    "title": "換你啦",
    "tags": [
      "瓦哈",
      "阿萬"
    ],
    "id": "Vs7wfQ"
  },
  {
    "file": "瓦-萬-盒盒盒.mp3",
    "title": "盒盒盒",
    "tags": [
      "瓦哈",
      "阿萬"
    ],
    "id": "hHIb4A"
  },
  {
    "file": "瓦-蛤~這麼便宜.mp3",
    "title": "蛤~這麼便宜",
    "tags": [
      "瓦哈"
    ],
    "id": "KuTZBw"
  },
  {
    "file": "瓦-講啥小.mp3",
    "title": "講啥小",
    "tags": [
      "瓦哈",
      "髒話"
    ],
    "id": "QG40Hw"
  },
  {
    "file": "瓦-謝謝把拔.mp3",
    "title": "謝謝把拔",
    "tags": [
      "瓦哈"
    ],
    "id": "zGm8EA"
  },
  {
    "file": "瓦-這啥小阿.mp3",
    "title": "這啥小阿",
    "tags": [
      "瓦哈",
      "髒話"
    ],
    "id": "pNO9Zg"
  },
  {
    "file": "瓦-這遊戲我已經破過了.mp3",
    "title": "這遊戲我已經破過了",
    "tags": [
      "瓦哈"
    ],
    "id": "op-vkg"
  },
  {
    "file": "瓦-靠北啊.mp3",
    "title": "靠北啊",
    "tags": [
      "瓦哈",
      "髒話"
    ],
    "id": "6mXctA"
  },
  {
    "file": "瓦哈-呵呵呵啥小.mp3",
    "title": "呵呵呵啥小",
    "tags": [
      "瓦哈",
      "髒話","笑"
    ],
    "id": "R8liQQ"
  },
  {
    "file": "萬-GAY BAR[唱].mp3",
    "title": "GAY BAR",
    "tags": [
      "阿萬",
      "唱"
    ],
    "id": "J-sv2A"
  },
  {
    "file": "萬-Matsuko~.mp3",
    "title": "Matsuko~",
    "tags": [
      "阿萬"
    ],
    "id": "Z5yPug"
  },
  {
    "file": "萬-Request要求.mp3",
    "title": "Request要求",
    "tags": [
      "阿萬"
    ],
    "id": "SIqtUg"
  },
  {
    "file": "萬-nya[SUS].mp3",
    "title": "nya",
    "tags": [
      "阿萬",
      "SUS"
    ],
    "id": "JhKWOg"
  },
  {
    "file": "萬-ㄆㄆ.mp3",
    "title": "ㄆㄆ",
    "tags": [
      "阿萬"
    ],
    "id": "kuKotQ"
  },
  {
    "file": "萬-不合我意的 我都沒有聽到.mp3",
    "title": "不合我意的 我都沒有聽到",
    "tags": [
      "阿萬"
    ],
    "id": "buoRew"
  },
  {
    "file": "萬-不告訴逆勒.mp3",
    "title": "不告訴逆勒",
    "tags": [
      "阿萬",
      "迷因"
    ],
    "id": "vOlC5g"
  },
  {
    "file": "萬-不愧是Netflix.mp3",
    "title": "不愧是Netflix",
    "tags": [
      "阿萬"
    ],
    "id": "S1KxRQ"
  },
  {
    "file": "萬-不要了我不行了.mp3",
    "title": "不要了我不行了",
    "tags": [
      "阿萬"
    ],
    "id": "_c2Kcw"
  },
  {
    "file": "萬-不要再按我的語音了.mp3",
    "title": "不要再按我的語音了",
    "tags": [
      "阿萬",
      "定型文"
    ],
    "id": "OAcGwA"
  },
  {
    "file": "萬-人生為什麼要工作.mp3",
    "title": "人生為什麼要工作",
    "tags": [
      "阿萬"
    ],
    "id": "8CnzNg"
  },
  {
    "file": "萬-什麼東西!我還在衛教.mp3",
    "title": "什麼東西!我還在衛教",
    "tags": [
      "阿萬"
    ],
    "id": "Ged4gQ"
  },
  {
    "file": "萬-他們幾個動物都把我榨乾[SUS].mp3",
    "title": "他們幾個動物都把我榨乾",
    "tags": [
      "阿萬",
      "SUS"
    ],
    "id": "hZqYEg"
  },
  {
    "file": "萬-他就是一個小怪人.mp3",
    "title": "他就是一個小怪人",
    "tags": [
      "阿萬"
    ],
    "id": "KHgxIA"
  },
  {
    "file": "萬-你不要嚇我好不好.mp3",
    "title": "你不要嚇我好不好",
    "tags": [
      "阿萬"
    ],
    "id": "FZgeSw"
  },
  {
    "file": "萬-你做得好好喔~(無情稱讚).mp3",
    "title": "你做得好好喔~(無情稱讚)",
    "tags": [
      "阿萬"
    ],
    "id": "44ROMg"
  },
  {
    "file": "萬-你可以射我.mp3",
    "title": "你可以射我",
    "tags": [
      "阿萬"
    ],
    "id": "bJQqtg"
  },
  {
    "file": "萬-你好爛喏.mp3",
    "title": "你好爛喏",
    "tags": [
      "阿萬"
    ],
    "id": "XvcUhA"
  },
  {
    "file": "萬-你是我最好的朋友，之一.mp3",
    "title": "你是我最好的朋友,之一",
    "tags": [
      "阿萬"
    ],
    "id": "j1IfgA"
  },
  {
    "file": "萬-你沒安裝唉呦嘖.mp3",
    "title": "你沒安裝唉呦嘖",
    "tags": [
      "阿萬"
    ],
    "id": "HzgSCg"
  },
  {
    "file": "萬-你為什麼說話要這麼可愛.mp3",
    "title": "你為什麼說話要這麼可愛",
    "tags": [
      "阿萬"
    ],
    "id": "0qmDrQ"
  },
  {
    "file": "萬-你睡前告訴我明天什麼時候要開.mp3",
    "title": "你睡前告訴我明天什麼時候要開",
    "tags": [
      "阿萬"
    ],
    "id": "t9DaAQ"
  },
  {
    "file": "萬-你要一起入火焰崇拜教嗎.mp3",
    "title": "你要一起入火焰崇拜教嗎",
    "tags": [
      "阿萬"
    ],
    "id": "fu10aQ"
  },
  {
    "file": "萬-你這種只會用秘技的人連死都不會.mp3",
    "title": "你這種只會用秘技的人連死都不會",
    "tags": [
      "阿萬"
    ],
    "id": "X37HZw"
  },
  {
    "file": "萬-來吧女人.mp3",
    "title": "來吧女人",
    "tags": [
      "阿萬"
    ],
    "id": "qrBmpw"
  },
  {
    "file": "萬-來讓我看看.mp3",
    "title": "來讓我看看",
    "tags": [
      "阿萬",
      "迷因"
    ],
    "id": "dI76Jg"
  },
  {
    "file": "萬-修但己勒.mp3",
    "title": "稍等一下(台語)",
    "tags": [
      "阿萬",
      "定型文"
    ],
    "id": "boawNA"
  },
  {
    "file": "萬-假鬼假怪.mp3",
    "title": "假鬼假怪",
    "tags": [
      "阿萬"
    ],
    "id": "TF3-jA"
  },
  {
    "file": "萬-偷約不揪.mp3",
    "title": "偷約不揪",
    "tags": [
      "阿萬"
    ],
    "id": "5vFCxQ"
  },
  {
    "file": "萬-兄弟我躺好了[SUS].mp3",
    "title": "兄弟我躺好了",
    "tags": [
      "阿萬",
      "SUS"
    ],
    "id": "kVWVWQ"
  },
  {
    "file": "萬-加油.mp3",
    "title": "加油",
    "tags": [
      "阿萬",
      "定型文"
    ],
    "id": "ucH_VA"
  },
  {
    "file": "萬-卵蛋.mp3",
    "title": "卵蛋",
    "tags": [
      "阿萬"
    ],
    "id": "U7Om2g"
  },
  {
    "file": "萬-又不行了又↗不行~.mp3",
    "title": "又不行了又↗不行~",
    "tags": [
      "阿萬"
    ],
    "id": "gh-E9w"
  },
  {
    "file": "萬-又鮮奶茶 整天鮮奶茶.mp3",
    "title": "又鮮奶茶 整天鮮奶茶",
    "tags": [
      "阿萬"
    ],
    "id": "j0ZqTw"
  },
  {
    "file": "萬-呃啊↗結束了結束了(母語胡言亂語).mp3",
    "title": "呃啊↗結束了結束了(母語胡言亂語)",
    "tags": [
      "阿萬",
      "怪聲"
    ],
    "id": "6Jv2gw"
  },
  {
    "file": "萬-呷薰(抽菸)BAD.mp3",
    "title": "呷薰(抽菸)BAD",
    "tags": [
      "阿萬"
    ],
    "id": "nZrLJA"
  },
  {
    "file": "萬-哇~好厲害喔(無情稱讚).mp3",
    "title": "哇~好厲害喔(無情稱讚)",
    "tags": [
      "阿萬"
    ],
    "id": "IwouKg"
  },
  {
    "file": "萬-哩喜勒.mp3",
    "title": "你是在?(台語)",
    "tags": [
      "阿萬"
    ],
    "id": "EOcF2w"
  },
  {
    "file": "萬-喵電感應[唱].mp3",
    "title": "喵電感應",
    "tags": [
      "阿萬",
      "唱"
    ],
    "id": "IZF2NQ"
  },
  {
    "file": "萬-嗚↗呼呼呼呼呼~(高飛尖叫).mp3",
    "title": "高飛叫",
    "tags": [
      "阿萬",
      "叫"
    ],
    "id": "TpMZ1Q"
  },
  {
    "file": "萬-嗯哼哼(哭).mp3",
    "title": "嗯哼哼(哭)",
    "tags": [
      "阿萬"
    ],
    "id": "JIXz2g"
  },
  {
    "file": "萬-噁心死了.mp3",
    "title": "噁心死了",
    "tags": [
      "阿萬",
      "罵"
    ],
    "id": "04ZFsw"
  },
  {
    "file": "萬-噗噗.mp3",
    "title": "噗噗",
    "tags": [
      "阿萬"
    ],
    "id": "tTlD4g"
  },
  {
    "file": "萬-太嚴重了太嚴重了!.mp3",
    "title": "太嚴重了太嚴重了!",
    "tags": [
      "阿萬"
    ],
    "id": "amr9Mg"
  },
  {
    "file": "萬-女人，你擋到我打棒球了.mp3",
    "title": "女人,你擋到我打棒球了",
    "tags": [
      "阿萬"
    ],
    "id": "E-76kA"
  },
  {
    "file": "萬-快快快（台語）.mp3",
    "title": "快快快（台語）",
    "tags": [
      "阿萬"
    ],
    "id": "Jbo-ug"
  },
  {
    "file": "萬-我不知道我不要了啦.mp3",
    "title": "我不知道我不要了啦",
    "tags": [
      "阿萬"
    ],
    "id": "RAZ4rg"
  },
  {
    "file": "萬-我今天很累欸.mp3",
    "title": "我今天很累欸",
    "tags": [
      "阿萬"
    ],
    "id": "FOD7Vw"
  },
  {
    "file": "萬-我們小心講話.mp3",
    "title": "我們小心講話",
    "tags": [
      "阿萬"
    ],
    "id": "XciJdw"
  },
  {
    "file": "萬-我們的狗狗要來了.mp3",
    "title": "我們的狗狗要來了",
    "tags": [
      "阿萬"
    ],
    "id": "lttetA"
  },
  {
    "file": "萬-我好想去看大谷打棒球.mp3",
    "title": "我好想去看大谷打棒球",
    "tags": [
      "阿萬"
    ],
    "id": "t6qgcg"
  },
  {
    "file": "萬-我好爛+破防尖叫.mp3",
    "title": "我好爛+破防尖叫",
    "tags": [
      "阿萬"
    ],
    "id": "Iz5x8A"
  },
  {
    "file": "萬-我最相信你了瓦哈.mp3",
    "title": "我最相信你了瓦哈",
    "tags": [
      "阿萬"
    ],
    "id": "zvOQ-Q"
  },
  {
    "file": "萬-打開你的god damn game.mp3",
    "title": "打開你的god damn game",
    "tags": [
      "阿萬"
    ],
    "id": "P7nrOQ"
  },
  {
    "file": "萬-掰掰掰掰.mp3",
    "title": "掰掰掰掰",
    "tags": [
      "阿萬",
      "定型文"
    ],
    "id": "uKIjOg"
  },
  {
    "file": "萬-敢按呢.mp3",
    "title": "敢按呢",
    "tags": [
      "阿萬",
      "定型文"
    ],
    "id": "kMUmRw"
  },
  {
    "file": "萬-滾！你們通通給我滾.mp3",
    "title": "滾！你們通通給我滾",
    "tags": [
      "阿萬"
    ],
    "id": "fYeHpQ"
  },
  {
    "file": "萬-男人，你擋到我打棒球了.mp3",
    "title": "男人,你擋到我打棒球了",
    "tags": [
      "阿萬"
    ],
    "id": "uK-9SA"
  },
  {
    "file": "萬-登登燈之歌.mp3",
    "title": "登登燈之歌",
    "tags": [
      "阿萬",
      "唱"
    ],
    "id": "6c7xxg"
  },
  {
    "file": "萬-發條可以慢慢鬆下來.mp3",
    "title": "發條可以慢慢鬆下來",
    "tags": [
      "阿萬"
    ],
    "id": "JwEPow"
  },
  {
    "file": "萬-盒盒盒哈哈哈我最喜歡新觀眾了.mp3",
    "title": "盒盒盒哈哈哈我最喜歡新觀眾了",
    "tags": [
      "阿萬",
      "笑"
    ],
    "id": "XJqXDg"
  },
  {
    "file": "萬-移~除~.mp3",
    "title": "移~除~",
    "tags": [
      "阿萬",
      "破防"
    ],
    "id": "qdUlIA"
  },
  {
    "file": "萬-移除!移除~.mp3",
    "title": "移除!移除~",
    "tags": [
      "阿萬",
      "破防"
    ],
    "id": "nu7jjw"
  },
  {
    "file": "萬-笑~~~死.mp3",
    "title": "笑~~~死",
    "tags": [
      "阿萬"
    ],
    "id": "rsZjAg"
  },
  {
    "file": "萬-美味しくなあれ.mp3",
    "title": "美味しくなあれ",
    "tags": [
      "阿萬"
    ],
    "id": "B3RMvA"
  },
  {
    "file": "萬-討厭、噁心、垃圾.mp3",
    "title": "討厭,噁心,垃圾",
    "tags": [
      "阿萬",
      "罵",
      "髒話"
    ],
    "id": "FB6Ukw"
  },
  {
    "file": "萬-說尼好~尼好~.mp3",
    "title": "說尼好~尼好~",
    "tags": [
      "阿萬"
    ],
    "id": "ulsKiA"
  },
  {
    "file": "萬-豹主播加油.mp3",
    "title": "豹主播加油",
    "tags": [
      "阿萬"
    ],
    "id": "R6kLVQ"
  },
  {
    "file": "萬-貓-多少錢十塊錢.mp3",
    "title": "多少錢十塊錢",
    "tags": [
      "阿萬",
      "貓下去"
    ],
    "id": "RAQyeA"
  },
  {
    "file": "萬-貓-尖叫.mp3",
    "title": "尖叫",
    "tags": [
      "阿萬",
      "貓下去",
      "叫"
    ],
    "id": "ujtbTA"
  },
  {
    "file": "萬-貓-怎麼教訓他們 用新台幣.mp3",
    "title": "怎麼教訓他們 用新台幣",
    "tags": [
      "阿萬",
      "貓下去"
    ],
    "id": "-EavYw"
  },
  {
    "file": "萬-貓-我現在脫掉不跟你好 蛤.mp3",
    "title": "我現在脫掉不跟你好 蛤",
    "tags": [
      "阿萬",
      "貓下去"
    ],
    "id": "4x17SA"
  },
  {
    "file": "萬-貓-所以我之前很爛嗎 沒錯.mp3",
    "title": "所以我之前很爛嗎 沒錯",
    "tags": [
      "阿萬",
      "貓下去"
    ],
    "id": "Uv9xdw"
  },
  {
    "file": "萬-貓-用甚麼迎接生日敗北.mp3",
    "title": "用甚麼迎接生日敗北",
    "tags": [
      "阿萬",
      "貓下去"
    ],
    "id": "yJ1B2A"
  },
  {
    "file": "萬-貓-豹-狗-登登.mp3",
    "title": "登登",
    "tags": [
      "阿萬",
      "貓下去",
      "豹子頭",
      "Matsuko"
    ],
    "id": "_iZJHg"
  },
  {
    "file": "萬-這樣就對了.mp3",
    "title": "這樣就對了",
    "tags": [
      "阿萬"
    ],
    "id": "cU99SQ"
  },
  {
    "file": "萬-還敢上來啊.mp3",
    "title": "還敢上來啊",
    "tags": [
      "阿萬"
    ],
    "id": "8ec2fA"
  },
  {
    "file": "萬-那一天我憂鬱憂鬱起來(唱).mp3",
    "title": "🦑🦑起來",
    "tags": [
      "阿萬",
      "唱"
    ],
    "id": "f6z2Kg"
  },
  {
    "file": "萬-閉嘴2.mp3",
    "title": "閉嘴2",
    "tags": [
      "阿萬",
      "定型文"
    ],
    "id": "OLq3aw"
  },
  {
    "file": "萬-閉嘴拉.mp3",
    "title": "閉嘴拉",
    "tags": [
      "阿萬",
      "定型文"
    ],
    "id": "mGbCoQ"
  },
  {
    "file": "萬-關你屁事2.mp3",
    "title": "關你屁事2",
    "tags": [
      "阿萬",
      "定型文"
    ],
    "id": "G5xKeA"
  },
  {
    "file": "萬-馬[笑].mp3",
    "title": "馬",
    "tags": [
      "阿萬",
      "笑"
    ],
    "id": "OqNZuw"
  },
  {
    "file": "豹-不是說不來.mp3",
    "title": "不是說不來",
    "tags": [
      "豹子頭"
    ],
    "id": "ko8jhA"
  },
  {
    "file": "豹-不行....mp3",
    "title": "不行...",
    "tags": [
      "豹子頭",
      "定型文"
    ],
    "id": "HUTCKA"
  },
  {
    "file": "豹-主婚人的祝福.mp3",
    "title": "主婚人的祝福",
    "tags": [
      "豹子頭"
    ],
    "id": "coei4Q"
  },
  {
    "file": "豹-主婚人致詞.mp3",
    "title": "主婚人致詞",
    "tags": [
      "豹子頭"
    ],
    "id": "DZMPbg"
  },
  {
    "file": "豹-主婚人開心.mp3",
    "title": "主婚人開心",
    "tags": [
      "豹子頭"
    ],
    "id": "0GLN1A"
  },
  {
    "file": "豹-人與人之間的信任就是這樣被磨光的.mp3",
    "title": "人與人之間的信任就是這樣被磨光的",
    "tags": [
      "豹子頭"
    ],
    "id": "QD7wKQ"
  },
  {
    "file": "豹-他的毒沒有解藥.mp3",
    "title": "他的毒沒有解藥",
    "tags": [
      "豹子頭",
      "迷因"
    ],
    "id": "3u9a4Q"
  },
  {
    "file": "豹-你們聽得到我講話嗎.mp3",
    "title": "你們聽得到我講話嗎",
    "tags": [
      "豹子頭"
    ],
    "id": "ixWWlw"
  },
  {
    "file": "豹-你做的很棒.mp3",
    "title": "你做的很棒",
    "tags": [
      "豹子頭",
      "誇獎",
      "定型文"
    ],
    "id": "c4B1fg"
  },
  {
    "file": "豹-你確定不會拋下我？.mp3",
    "title": "你確定不會拋下我？",
    "tags": [
      "豹子頭"
    ],
    "id": "NLflJg"
  },
  {
    "file": "豹-全新結局新婚結局.mp3",
    "title": "全新結局新婚結局",
    "tags": [
      "豹子頭"
    ],
    "id": "oO3dpw"
  },
  {
    "file": "豹-兩位願意不論病痛扶持在對方左右嗎.mp3",
    "title": "兩位願意不論病痛扶持在對方左右嗎",
    "tags": [
      "豹子頭"
    ],
    "id": "q_mzfg"
  },
  {
    "file": "豹-公主抱環節.mp3",
    "title": "公主抱環節",
    "tags": [
      "豹子頭"
    ],
    "id": "6Em0RA"
  },
  {
    "file": "豹-同父異母的弟弟包一包特大的.mp3",
    "title": "同父異母的弟弟包一包特大的",
    "tags": [
      "豹子頭"
    ],
    "id": "a_A2bA"
  },
  {
    "file": "豹-咩嘿嘿嘿嘿.mp3",
    "title": "咩嘿嘿嘿嘿",
    "tags": [
      "豹子頭"
    ],
    "id": "Z89mdQ"
  },
  {
    "file": "豹-哼菜雞.mp3",
    "title": "哼菜雞",
    "tags": [
      "豹子頭"
    ],
    "id": "M862Ag"
  },
  {
    "file": "豹-啊糟糕捧花要沒了.mp3",
    "title": "啊糟糕捧花要沒了",
    "tags": [
      "豹子頭"
    ],
    "id": "f-gUng"
  },
  {
    "file": "豹-大家再見.mp3",
    "title": "大家再見",
    "tags": [
      "豹子頭",
      "定型文"
    ],
    "id": "OCY1jw"
  },
  {
    "file": "豹-她在背景發出了催婚的聲音.mp3",
    "title": "她在背景發出了催婚的聲音",
    "tags": [
      "豹子頭"
    ],
    "id": "2_4irQ"
  },
  {
    "file": "豹-好.mp3",
    "title": "好",
    "tags": [
      "豹子頭",
      "定型文"
    ],
    "id": "aj_rJA"
  },
  {
    "file": "豹-好累呦(扁).mp3",
    "title": "好累呦(扁)",
    "tags": [
      "豹子頭"
    ],
    "id": "1SKlcg"
  },
  {
    "file": "豹-好阿.mp3",
    "title": "好阿",
    "tags": [
      "豹子頭",
      "定型文"
    ],
    "id": "sradaw"
  },
  {
    "file": "豹-媽的超累[髒話].mp3",
    "title": "媽的超累",
    "tags": [
      "豹子頭",
      "髒話"
    ],
    "id": "ygp1pA"
  },
  {
    "file": "豹-客氣什麼人來就好了.mp3",
    "title": "客氣什麼人來就好了",
    "tags": [
      "豹子頭"
    ],
    "id": "2fV2PQ"
  },
  {
    "file": "豹-幹得漂亮兩位成功穿越重重黑暗與險阻.mp3",
    "title": "幹得漂亮兩位成功穿越重重黑暗與險阻",
    "tags": [
      "豹子頭"
    ],
    "id": "wsdjDw"
  },
  {
    "file": "豹-感謝所有參與婚禮的來賓送客.mp3",
    "title": "感謝所有參與婚禮的來賓送客",
    "tags": [
      "豹子頭"
    ],
    "id": "JnlZRQ"
  },
  {
    "file": "豹-我中毒了.mp3",
    "title": "我中毒了",
    "tags": [
      "豹子頭"
    ],
    "id": "leeH0g"
  },
  {
    "file": "豹-我們就來讓他老人家高興一下.mp3",
    "title": "我們就來讓他老人家高興一下",
    "tags": [
      "豹子頭"
    ],
    "id": "W7FMzQ"
  },
  {
    "file": "豹-我要回家啦 不跟你們玩啦.mp3",
    "title": "我要回家啦 不跟你們玩啦",
    "tags": [
      "豹子頭"
    ],
    "id": "U7SZHw"
  },
  {
    "file": "豹-掰掰掰掰.mp3",
    "title": "掰掰掰掰",
    "tags": [
      "豹子頭",
      "定型文"
    ],
    "id": "SpJfpw"
  },
  {
    "file": "豹-新娘換裝.mp3",
    "title": "新娘換裝",
    "tags": [
      "豹子頭"
    ],
    "id": "fWRHBg"
  },
  {
    "file": "豹-最後一個表演了.mp3",
    "title": "最後一個表演了",
    "tags": [
      "豹子頭"
    ],
    "id": "cVcTxQ"
  },
  {
    "file": "豹-樂團老師請演奏.mp3",
    "title": "樂團老師請演奏",
    "tags": [
      "豹子頭"
    ],
    "id": "fDU0VQ"
  },
  {
    "file": "豹-欸欸欸欸欸.mp3",
    "title": "欸欸欸欸欸",
    "tags": [
      "豹子頭"
    ],
    "id": "LrZ9Ng"
  },
  {
    "file": "豹-混蛋.mp3",
    "title": "混蛋",
    "tags": [
      "豹子頭",
      "髒話"
    ],
    "id": "vwvT9Q"
  },
  {
    "file": "豹-狗-瓦哈小聲一點.mp3",
    "title": "瓦哈小聲一點",
    "tags": [
      "豹子頭",
      "Matsuko"
    ],
    "id": "wdO5oQ"
  },
  {
    "file": "豹-狗-萬-yaaaaaaaaa.mp3",
    "title": "yaaaaaaaaa",
    "tags": [
      "豹子頭",
      "Matsuko",
      "阿萬"
    ],
    "id": "AFr1RA"
  },
  {
    "file": "豹-百年好合簡稱.mp3",
    "title": "百年好合簡稱",
    "tags": [
      "豹子頭"
    ],
    "id": "0nFrKA"
  },
  {
    "file": "豹-給新人的祝福詞.mp3",
    "title": "給新人的祝福詞",
    "tags": [
      "豹子頭"
    ],
    "id": "Lh8A1w"
  },
  {
    "file": "豹-蛤.mp3",
    "title": "蛤",
    "tags": [
      "豹子頭",
      "定型文"
    ],
    "id": "MMM2jg"
  },
  {
    "file": "豹-謝謝乾爹.mp3",
    "title": "謝謝乾爹",
    "tags": [
      "豹子頭",
      "定型文"
    ],
    "id": "5Jtu-w"
  },
  {
    "file": "豹-豬肝.mp3",
    "title": "豬肝",
    "tags": [
      "豹子頭"
    ],
    "id": "yfRzZg"
  },
  {
    "file": "豹-這是我勝利的美酒.mp3",
    "title": "這是我勝利的美酒",
    "tags": [
      "豹子頭"
    ],
    "id": "I_3ywA"
  },
  {
    "file": "豹-連看這段話都已經.mp3",
    "title": "連看這段話都已經",
    "tags": [
      "豹子頭"
    ],
    "id": "vIUzkA"
  },
  {
    "file": "豹-默默的離開不回頭看一眼不留下合照.mp3",
    "title": "默默的離開不回頭看一眼不留下合照",
    "tags": [
      "豹子頭"
    ],
    "id": "SZIwRA"
  },
  {
    "file": "豹-萬-好啦我不行了.mp3",
    "title": "好啦我不行了",
    "tags": [
      "豹子頭",
      "阿萬"
    ],
    "id": "gs4RAg"
  },
  {
    "file": "豹-萬-變身(日文).mp3",
    "title": "變身(日文)",
    "tags": [
      "豹子頭",
      "阿萬"
    ],
    "id": "fjttlQ"
  },
  {
    "file": "貓-3秒.mp3",
    "title": "3秒",
    "tags": [
      "貓下去"
    ],
    "id": "LLJ9Pw"
  },
  {
    "file": "貓-pk呀.mp3",
    "title": "pk呀",
    "tags": [
      "貓下去"
    ],
    "id": "8bAleg"
  },
  {
    "file": "貓-上班到快板機指.mp3",
    "title": "上班到快板機指",
    "tags": [
      "貓下去"
    ],
    "id": "w1jXiw"
  },
  {
    "file": "貓-不是每次凸槌都是我的鍋好嗎.mp3",
    "title": "不是每次凸槌都是我的鍋好嗎",
    "tags": [
      "貓下去"
    ],
    "id": "gntJww"
  },
  {
    "file": "貓-你不要糾正我好不好.mp3",
    "title": "你不要糾正我好不好",
    "tags": [
      "貓下去"
    ],
    "id": "m8J4dw"
  },
  {
    "file": "貓-你們還在play嗎.mp3",
    "title": "你們還在play嗎",
    "tags": [
      "貓下去"
    ],
    "id": "oB8dVg"
  },
  {
    "file": "貓-你對他彈吉他x4.mp3",
    "title": "你對他彈吉他x4",
    "tags": [
      "貓下去"
    ],
    "id": "TPwbUA"
  },
  {
    "file": "貓-原來是我lag.mp3",
    "title": "原來是我lag",
    "tags": [
      "貓下去"
    ],
    "id": "vP3muQ"
  },
  {
    "file": "貓-又在那邊檢討人.mp3",
    "title": "又在那邊檢討人",
    "tags": [
      "貓下去"
    ],
    "id": "Wa6Kfw"
  },
  {
    "file": "貓-可以CD久一點嗎.mp3",
    "title": "可以CD久一點嗎",
    "tags": [
      "貓下去"
    ],
    "id": "_de48w"
  },
  {
    "file": "貓-哇他抓得滿準的耶.mp3",
    "title": "哇他抓得滿準的耶",
    "tags": [
      "貓下去"
    ],
    "id": "Bb4amg"
  },
  {
    "file": "貓-喔你是一隻兔子嗎.mp3",
    "title": "喔你是一隻兔子嗎",
    "tags": [
      "貓下去"
    ],
    "id": "ZdniAg"
  },
  {
    "file": "貓-大家ㄅㄅ.mp3",
    "title": "大家ㄅㄅ",
    "tags": [
      "貓下去",
      "定型文"
    ],
    "id": "b99QMw"
  },
  {
    "file": "貓-好像差不多了.mp3",
    "title": "好像差不多了",
    "tags": [
      "貓下去"
    ],
    "id": "BGs_8g"
  },
  {
    "file": "貓-完了.mp3",
    "title": "完了",
    "tags": [
      "貓下去"
    ],
    "id": "HyyZ3Q"
  },
  {
    "file": "貓-感謝大家.mp3",
    "title": "感謝大家",
    "tags": [
      "貓下去",
      "定型文"
    ],
    "id": "ZV1Hrg"
  },
  {
    "file": "貓-應該可以吧.mp3",
    "title": "應該可以吧",
    "tags": [
      "貓下去"
    ],
    "id": "fQZ_cQ"
  },
  {
    "file": "貓-我走囉.mp3",
    "title": "我走囉",
    "tags": [
      "貓下去",
      "定型文"
    ],
    "id": "OkxIdw"
  },
  {
    "file": "貓-找阿萬陪伴一下.mp3",
    "title": "找阿萬陪伴一下",
    "tags": [
      "貓下去"
    ],
    "id": "vpncJA"
  },
  {
    "file": "貓-掰掰2.mp3",
    "title": "掰掰2",
    "tags": [
      "貓下去",
      "定型文"
    ],
    "id": "QxWQGA"
  },
  {
    "file": "貓-教訓他們!.mp3",
    "title": "教訓他們!",
    "tags": [
      "貓下去"
    ],
    "id": "7jH8FA"
  },
  {
    "file": "貓-歪歪的(怪腔).mp3",
    "title": "歪歪的",
    "tags": [
      "貓下去"
    ],
    "id": "Puebjw"
  },
  {
    "file": "貓-沒錯就算常常是.mp3",
    "title": "沒錯就算常常是",
    "tags": [
      "貓下去"
    ],
    "id": "aP6BJQ"
  },
  {
    "file": "貓-沒錯我們要直面恐懼勒他.mp3",
    "title": "沒錯我們要直面恐懼勒他",
    "tags": [
      "貓下去"
    ],
    "id": "vNrLxg"
  },
  {
    "file": "貓-看來只好看到誰就先揍他一頓.mp3",
    "title": "看來只好看到誰就先揍他一頓",
    "tags": [
      "貓下去"
    ],
    "id": "m92B4A"
  },
  {
    "file": "貓-突然不知道要用什麼名詞.mp3",
    "title": "突然不知道要用什麼名詞",
    "tags": [
      "貓下去"
    ],
    "id": "WQLafQ"
  },
  {
    "file": "貓-等燈燈!.mp3",
    "title": "等燈燈!",
    "tags": [
      "貓下去"
    ],
    "id": "HFGYog"
  },
  {
    "file": "貓-等登!.mp3",
    "title": "等登!",
    "tags": [
      "貓下去"
    ],
    "id": "Sq3PfQ"
  },
  {
    "file": "貓-這什麼遊戲.mp3",
    "title": "這什麼遊戲",
    "tags": [
      "貓下去"
    ],
    "id": "91vxEA"
  },
  {
    "file": "貓-這是一家爛公司.mp3",
    "title": "這是一家爛公司",
    "tags": [
      "貓下去"
    ],
    "id": "YhogFQ"
  },
  {
    "file": "貓-那我回去寫論文啦.mp3",
    "title": "那我回去寫論文啦",
    "tags": [
      "貓下去"
    ],
    "id": "ZFjuOA"
  },
  {
    "file": "貓-那我要去睡覺了.mp3",
    "title": "那我要去睡覺了",
    "tags": [
      "貓下去",
      "定型文"
    ],
    "id": "HIcl8A"
  },
  {
    "file": "貓-開局三秒鐘就告訴大家答案了.mp3",
    "title": "開局三秒鐘就告訴大家答案了",
    "tags": [
      "貓下去"
    ],
    "id": "HcuSMQ"
  },
  {
    "file": "雞-fireball.mp3",
    "title": "fireball",
    "tags": [
      "花雕雞"
    ],
    "id": "k0ysGg"
  },
  {
    "file": "雞-嚎小咧(髒話).mp3",
    "title": "嚎小咧",
    "tags": [
      "花雕雞",
      "髒話"
    ],
    "id": "cZqwdw"
  },
  {
    "file": "雞-我可以~陪你去看星星[唱].mp3",
    "title": "我可以~陪你去看星星",
    "tags": [
      "花雕雞",
      "唱"
    ],
    "id": "biXu_w"
  },
  {
    "file": "雞-我要你的攝護腺.mp3",
    "title": "我要你的攝護腺",
    "tags": [
      "花雕雞",
      "SUS"
    ],
    "id": "PR8ERg"
  },
  {
    "file": "雞-業配優惠碼.mp3",
    "title": "業配優惠碼",
    "tags": [
      "花雕雞"
    ],
    "id": "0eSBPA"
  },
  {
    "file": "雞-＃專業.mp3",
    "title": "＃專業",
    "tags": [
      "花雕雞"
    ],
    "id": "Hsqpaw"
  },
  {
    "file": "狗-super idol的笑容[唱].mp3",
    "title": "super idol的笑容",
    "tags": [
      "Matsuko",
      "唱"
    ],
    "id": "FfMkwA"
  },
  {
    "file": "狗-呵呵呵呵[笑].mp3",
    "title": "呵呵呵呵",
    "tags": [
      "Matsuko",
      "笑"
    ],
    "id": "3VWgEg"
  },
  {
    "file": "狗-喔某!(怪腔怪調)[怪聲].mp3",
    "title": "喔某!(怪腔怪調)",
    "tags": [
      "Matsuko",
      "怪聲"
    ],
    "id": "tV-ZBQ"
  },
  {
    "file": "狗-萬-印度F4二重唱[唱].mp3",
    "title": "印度F4二重唱",
    "tags": [
      "Matsuko",
      "阿萬",
      "唱"
    ],
    "id": "oiMLsw"
  },
  {
    "file": "萬-不對[定型文].mp3",
    "title": "不對",
    "tags": [
      "阿萬",
      "定型文"
    ],
    "id": "f_rYBQ"
  },
  {
    "file": "萬-不知道[定型文].mp3",
    "title": "不知道",
    "tags": [
      "阿萬",
      "定型文"
    ],
    "id": "6ZabTA"
  },
  {
    "file": "萬-什麼意思[定型文].mp3",
    "title": "什麼意思",
    "tags": [
      "阿萬",
      "定型文"
    ],
    "id": "l6egQw"
  },
  {
    "file": "萬-可以呀[定型文].mp3",
    "title": "可以呀",
    "tags": [
      "阿萬",
      "定型文"
    ],
    "id": "IFFvXw"
  },
  {
    "file": "萬-啊你那個可以刪掉了吧.mp3",
    "title": "啊你那個可以刪掉了吧",
    "tags": [
      "阿萬"
    ],
    "id": "XKUa3Q"
  },
  {
    "file": "萬-喔某!.mp3",
    "title": "喔某!",
    "tags": [
      "阿萬"
    ],
    "id": "HA3p9g"
  },
  {
    "file": "萬-大家不是要我小聲嗎.mp3",
    "title": "大家不是要我小聲嗎",
    "tags": [
      "阿萬"
    ],
    "id": "DY4Ejg"
  },
  {
    "file": "萬-好，我們繼續[定型文].mp3",
    "title": "好,我們繼續",
    "tags": [
      "阿萬",
      "定型文"
    ],
    "id": "Y8EtEg"
  },
  {
    "file": "萬-掰掰[定型文].mp3",
    "title": "掰掰",
    "tags": [
      "阿萬",
      "定型文"
    ],
    "id": "NKesxw"
  },
  {
    "file": "萬-沒了[定型文].mp3",
    "title": "沒了",
    "tags": [
      "阿萬",
      "定型文"
    ],
    "id": "lJG7dQ"
  },
  {
    "file": "萬-滾啦.mp3",
    "title": "滾啦",
    "tags": [
      "阿萬"
    ],
    "id": "Lmxe-g"
  },
  {
    "file": "萬-笑3.mp3",
    "title": "笑3",
    "tags": [
      "阿萬","笑"
    ],
    "id": "97CHfQ"
  },
  {
    "file": "萬-這個笑容我看了15年.mp3",
    "title": "這個笑容我看了15年",
    "tags": [
      "阿萬"
    ],
    "id": "7M1Qjg"
  },
  {
    "file": "豹-他的黑色衝動要爆發了[迷因].mp3",
    "title": "他的黑色衝動要爆發了",
    "tags": [
      "豹子頭",
      "迷因"
    ],
    "id": "MzHWnA"
  },
  {
    "file": "豹-你要這個樣子嗎[定型文].mp3",
    "title": "你要這個樣子嗎",
    "tags": [
      "豹子頭",
      "定型文"
    ],
    "id": "h6TCsQ"
  },
  {
    "file": "豹-嘿嘿HEHEHE[笑].mp3",
    "title": "嘿嘿HEHEHE",
    "tags": [
      "豹子頭",
      "笑"
    ],
    "id": "PGajCQ"
  },
  {
    "file": "豹-好[定型文].mp3",
    "title": "好",
    "tags": [
      "豹子頭",
      "定型文"
    ],
    "id": "lfJsyQ"
  },
  {
    "file": "豹-對啊[定型文].mp3",
    "title": "對啊",
    "tags": [
      "豹子頭",
      "定型文"
    ],
    "id": "SS9IiQ"
  },
  {
    "file": "豹-尾王要努力取悅我啊.mp3",
    "title": "尾王要努力取悅我啊",
    "tags": [
      "豹子頭"
    ],
    "id": "W9zi4g"
  },
  {
    "file": "豹-怎麼了[定型文].mp3",
    "title": "怎麼了",
    "tags": [
      "豹子頭",
      "定型文"
    ],
    "id": "OKX4cw"
  },
  {
    "file": "豹-怎麼會[定型文].mp3",
    "title": "怎麼會",
    "tags": [
      "豹子頭",
      "定型文"
    ],
    "id": "Ero3-g"
  },
  {
    "file": "豹-我的分靈體也出現了.mp3",
    "title": "我的分靈體也出現了",
    "tags": [
      "豹子頭"
    ],
    "id": "2HB9Aw"
  },
  {
    "file": "豹-我知道了[定型文].mp3",
    "title": "我知道了",
    "tags": [
      "豹子頭",
      "定型文"
    ],
    "id": "cIPxjg"
  },
  {
    "file": "豹-掰掰(氣音)[定型文].mp3",
    "title": "掰掰(氣音)",
    "tags": [
      "豹子頭",
      "定型文"
    ],
    "id": "MEiW_Q"
  },
  {
    "file": "豹-沒了[定型文].mp3",
    "title": "沒了",
    "tags": [
      "豹子頭",
      "定型文"
    ],
    "id": "QT6gHg"
  },
  {
    "file": "豹-清純輕笑[笑].mp3",
    "title": "清純輕笑",
    "tags": [
      "豹子頭",
      "笑"
    ],
    "id": "ngMjnQ"
  },
  {
    "file": "豹-為甚麼啊[定型文].mp3",
    "title": "為甚麼啊",
    "tags": [
      "豹子頭",
      "定型文"
    ],
    "id": "f1WfpA"
  },
  {
    "file": "豹-看屁阿[罵].mp3",
    "title": "看屁阿",
    "tags": [
      "豹子頭",
      "罵"
    ],
    "id": "_19l3g"
  },
  {
    "file": "豹-真的耶[定型文].mp3",
    "title": "真的耶",
    "tags": [
      "豹子頭",
      "定型文"
    ],
    "id": "Bj66fQ"
  },
  {
    "file": "豹-等我一下喔[定型文].mp3",
    "title": "等我一下喔",
    "tags": [
      "豹子頭",
      "定型文"
    ],
    "id": "Fk80NA"
  }
]
